ID Data Product,Report Name,Report View,Tags,keywords
RPPBI0032,Feeder Market - 2024,CRITERIA,,
RPPBI0032,Feeder Market - 2024,DESTINATION_OF_FEEDER_MARKETS,,
RPPBI0032,Feeder Market - 2024,EXECUTIVE VIEW,,
RPPBI0032,Feeder Market - 2024,FEEDER MARKET FLOWS,,
RPPBI0032,Feeder Market - 2024,FEEDER_MARKET_DETAIL,,
RPPBI0032,Feeder Market - 2024,FEEDER_MARKETS_OF_DESTINATION,,
RPPBI0032,Feeder Market - 2024,MENU,,
RPPBI0032,Feeder Market - 2024,OE MARKET INSIGHTS,,
RPPBI0032,Feeder Market - 2024,TARGETS FOLLOW UP,,
RPPBI0154,Feeder Market - 2025,CRITERIA,,
RPPBI0154,Feeder Market - 2025,DESTINATION_OF_FEEDER_MARKETS,,
RPPBI0154,Feeder Market - 2025,EXECUTIVE VIEW,,
RPPBI0154,Feeder Market - 2025,FEEDER MARKET FLOWS,,
RPPBI0154,Feeder Market - 2025,FEEDER_MARKET_DETAIL,,
RPPBI0154,Feeder Market - 2025,FEEDER_MARKETS_OF_DESTINATION,,
RPPBI0154,Feeder Market - 2025,MENU,,
RPPBI0154,Feeder Market - 2025,OE MARKET INSIGHTS,,
RPPBI0154,Feeder Market - 2025,TARGETS FOLLOW UP,,
RPPBI0126,B2B Digital Sales 2025,MENU,,
RPPBI0126,B2B Digital Sales 2025,SubChannel Detail,,
RPPBI0126,B2B Digital Sales 2025,Web B2B Agencies,,
RPPBI0126,B2B Digital Sales 2025,Web B2B Companies,,
RPPBI0126,B2B Digital Sales 2025,WEB PERFORMANCE,,
RPPBI0143,Business Glossary,Commercial,,
RPPBI0143,Business Glossary,Controlling & StrategicPlanning,,
RPPBI0143,Business Glossary,Controlling&StrategicPlanning,,
RPPBI0143,Business Glossary,Data Office,,
RPPBI0143,Business Glossary,Datamap,,
RPPBI0143,Business Glossary,DO_tentative_Datamap,,
RPPBI0143,Business Glossary,F&B,,
RPPBI0143,Business Glossary,Finance,,
RPPBI0143,Business Glossary,General Secretary,,
RPPBI0143,Business Glossary,Hierarchy_Datamap,,
RPPBI0143,Business Glossary,Index,,
RPPBI0143,Business Glossary,Main Page,,
RPPBI0143,Business Glossary,Manual,,
RPPBI0143,Business Glossary,Marketing,,
RPPBI0143,Business Glossary,Operations & Global Transformation,,
RPPBI0143,Business Glossary,People & Sustainabe Business,,
RPPBI0004,eCommerce Report 2024,B2B Digital Report,B2B Digital,B2B Digital
RPPBI0004,eCommerce Report 2024,Database Browser,,
RPPBI0004,eCommerce Report 2024,Database Browser (Creation Date),,
RPPBI0004,eCommerce Report 2024,Digital By Creation Date Performance Report,"Performance, Digital","Digital, Performance"
RPPBI0004,eCommerce Report 2024,Digital Performance (Stay Date),"Performance, Digital","Digital, Performance"
RPPBI0004,eCommerce Report 2024,Ecommerce Performance (Creation Date) Report,"Performance, eCommerce","Performance, eCommerce"
RPPBI0004,eCommerce Report 2024,Executive Report,"Budget, Performance","Budget, Performance"
RPPBI0004,eCommerce Report 2024,Hotel View Report,Hotel,Hotel
RPPBI0004,eCommerce Report 2024,Index,,
RPPBI0004,eCommerce Report 2024,Hotel Discovery Report,"Discovery, Loyalty","Discovery, Loyalty"
RPPBI0004,eCommerce Report 2024,OTAs Performance (Creation Date) Report,"Performance, OTA","OTA, Performance"
RPPBI0004,eCommerce Report 2024,OTAS Performance(Stay Date) Report,"Performance, OTA","OTA, Performance"
RPPBI0004,eCommerce Report 2024,Performance Report,"Performance, eCommerce","Performance, eCommerce"
RPPBI0004,eCommerce Report 2024,Reservations Behaviour Report,Reservation Behaviour,Reservation Behaviour
RPPBI0004,eCommerce Report 2024,Top Destination Report,,
RPPBI0123,eCommerce Report 2025,B2B Digital Report,B2B Digital,B2B Digital
RPPBI0123,eCommerce Report 2025,Database Browser,,
RPPBI0123,eCommerce Report 2025,Database Browser (Creation Date),,
RPPBI0123,eCommerce Report 2025,Digital By Creation Date Performance Report,"Performance, Digital","Digital, Performance"
RPPBI0123,eCommerce Report 2025,Digital Performance (Stay Date),"Performance, Digital","Digital, Performance"
RPPBI0123,eCommerce Report 2025,Ecommerce Performance (Creation Date) Report,"Performance, eCommerce","Performance, eCommerce"
RPPBI0123,eCommerce Report 2025,Executive Report,"Budget, Performance","Budget, Performance"
RPPBI0123,eCommerce Report 2025,Hotel View Report,Hotel,Hotel
RPPBI0123,eCommerce Report 2025,Index,,
RPPBI0123,eCommerce Report 2025,REDACTED DISCOVERY Report,"Discovery, Loyalty","Discovery, Loyalty"
RPPBI0123,eCommerce Report 2025,Hotel Discovery Report,"Discovery, Loyalty","Discovery, Loyalty"
RPPBI0123,eCommerce Report 2025,OTAs Performance (Creation Date) Report,"Performance, OTA","OTA, Performance"
RPPBI0123,eCommerce Report 2025,OTAS Performance(Stay Date) Report,"Performance, OTA","OTA, Performance"
RPPBI0123,eCommerce Report 2025,Performance Report,"Performance, eCommerce","Performance, eCommerce"
RPPBI0123,eCommerce Report 2025,Reservations Behaviour Report,Reservation Behaviour,Reservation Behaviour
RPPBI0123,eCommerce Report 2025,Top Destination Report,,
RPPBI0181,Direct Digital Sales,INDEX,,
RPPBI0181,Direct Digital Sales,1.1.DISCOVERY SALES,,
RPPBI0181,Direct Digital Sales,1.EXECUTIVE SUMMARY,,
RPPBI0181,Direct Digital Sales,2.1.FC DETAIL,,
RPPBI0181,Direct Digital Sales,2.2 FC MODEL VS AUTO FC PWC,,
RPPBI0181,Direct Digital Sales,2.EFT FC BY CHANNEL,,
RPPBI0181,Direct Digital Sales,3.1.COMMERCIAL COST FC,,
RPPBI0181,Direct Digital Sales,3.2.FINANCIAL COST FC,,
RPPBI0181,Direct Digital Sales,3.3.PATH FROM COMM TO FIN COST,,
RPPBI0181,Direct Digital Sales,3.4. HOTEL COSTS DETAIL,,
RPPBI0181,Direct Digital Sales,3.COMMISSION COST FC,,
RPPBI0181,Direct Digital Sales,4. FC EVOLUTION & ACCURACIES,,
RPPBI0181,Direct Digital Sales,5. RAW DATA - DYNAMIC ANALYSIS TOOL,,
RPPBI0181,Direct Digital Sales,6.WEB MEDIA REPORT,,
RPPBI0181,Direct Digital Sales,CHANNEL GLOSSARY,,
RPPBI0182,Direct Digital Sales 2024,% Channel Accuracy,,
RPPBI0182,Direct Digital Sales 2024,% Cost Accuracy,,
RPPBI0182,Direct Digital Sales 2024,COMMERCIAL (Check out) & FINANCIAL COST + Reversal + Ajuste,,
RPPBI0182,Direct Digital Sales 2024,COMMERCIAL COST FORECAST,,
RPPBI0182,Direct Digital Sales 2024,DISCOVERY SALES,,
RPPBI0182,Direct Digital Sales 2024,Executive Summary,,
RPPBI0182,Direct Digital Sales 2024,FORECAST DETAIL,,
RPPBI0182,Direct Digital Sales 2024,Index,,
RPPBI0182,Direct Digital Sales 2024,Revenue EFT Forecast by Channel,,
RPPBI0182,Direct Digital Sales 2024,STEPS COST CHECK OUT,,
RPPBI0007,QUESTforExcellence 2024,Cash Expenses,,
RPPBI0007,QUESTforExcellence 2024,Chargebks.,,
RPPBI0007,QUESTforExcellence 2024,Comm.,,
RPPBI0007,QUESTforExcellence 2024,Credits,,
RPPBI0007,QUESTforExcellence 2024,CXL / NoShow,,
RPPBI0007,QUESTforExcellence 2024,DATA_BROWSER,,
RPPBI0007,QUESTforExcellence 2024,DETAIL,,
RPPBI0007,QUESTforExcellence 2024,Discovery,,
RPPBI0007,QUESTforExcellence 2024,End of Day,,
RPPBI0007,QUESTforExcellence 2024,GLOBAL,,
RPPBI0007,QUESTforExcellence 2024,Glossary,,
RPPBI0007,QUESTforExcellence 2024,Guest ID,,
RPPBI0007,QUESTforExcellence 2024,Guest Ledger,,
RPPBI0007,QUESTforExcellence 2024,HW_CxlNsh,,
RPPBI0007,QUESTforExcellence 2024,HW_DiscSurv,,
RPPBI0007,QUESTforExcellence 2024,INFORMATIVE,,
RPPBI0007,QUESTforExcellence 2024,MM,,
RPPBI0007,QUESTforExcellence 2024,OCO / TiR,,
RPPBI0007,QUESTforExcellence 2024,POS Prices,,
RPPBI0007,QUESTforExcellence 2024,SCOPES_TARGETS,,
RPPBI0007,QUESTforExcellence 2024,SUMMARY,,
RPPBI0007,QUESTforExcellence 2024,Survey,,
RPPBI0007,QUESTforExcellence 2024,SUSTAINABILITY,,
RPPBI0007,QUESTforExcellence 2024,TOUR_DETAIL,,
RPPBI0007,QUESTforExcellence 2024,TOUR_GLOBAL,,
RPPBI0007,QUESTforExcellence 2024,TOUR_SUMMARY,,
RPPBI0007,QUESTforExcellence 2024,Training,,
RPPBI0007,QUESTforExcellence 2024,Upselling,,
RPPBI0137,QUESTforExcellence 2025,Breakfast,,
RPPBI0137,QUESTforExcellence 2025,Cash Expenses,,
RPPBI0137,QUESTforExcellence 2025,Cash Open Items,,
RPPBI0137,QUESTforExcellence 2025,Chargebks.,,
RPPBI0137,QUESTforExcellence 2025,Comm.,,
RPPBI0137,QUESTforExcellence 2025,Coperama,,
RPPBI0137,QUESTforExcellence 2025,Credits,,
RPPBI0137,QUESTforExcellence 2025,CXL / NoShow,,
RPPBI0137,QUESTforExcellence 2025,DATA_BROWSER,,
RPPBI0137,QUESTforExcellence 2025,DETAIL,,
RPPBI0137,QUESTforExcellence 2025,Discovery,,
RPPBI0137,QUESTforExcellence 2025,GLOBAL,,
RPPBI0137,QUESTforExcellence 2025,Glossary,,
RPPBI0137,QUESTforExcellence 2025,Guest ID,,
RPPBI0137,QUESTforExcellence 2025,Guest Ledger,,
RPPBI0137,QUESTforExcellence 2025,HW_CxlNsh,,
RPPBI0137,QUESTforExcellence 2025,HW_DiscSurv,,
RPPBI0137,QUESTforExcellence 2025,Incidences,,
RPPBI0137,QUESTforExcellence 2025,INFORMATIVE,,
RPPBI0137,QUESTforExcellence 2025,Inventory,,
RPPBI0137,QUESTforExcellence 2025,OCO,,
RPPBI0137,QUESTforExcellence 2025,POS Prices,,
RPPBI0137,QUESTforExcellence 2025,SCOPES_TARGETS,,
RPPBI0137,QUESTforExcellence 2025,SUMMARY,,
RPPBI0137,QUESTforExcellence 2025,Survey,,
RPPBI0137,QUESTforExcellence 2025,SUS_DETAIL,,
RPPBI0137,QUESTforExcellence 2025,TIR,,
RPPBI0137,QUESTforExcellence 2025,TIR_DB,,
RPPBI0137,QUESTforExcellence 2025,tooltip01_summary_table,,
RPPBI0137,QUESTforExcellence 2025,tooltip02_summary_kpi_detail,,
RPPBI0137,QUESTforExcellence 2025,TOUR_GLOBAL,,
RPPBI0137,QUESTforExcellence 2025,Upselling,,
RPPBI0074,Pipeline and CXL REJ LOS Report,CXL/REJ/LOS Report,,
RPPBI0074,Pipeline and CXL REJ LOS Report,Index,,
RPPBI0074,Pipeline and CXL REJ LOS Report,Pipeline Report,,
RPPBI0081,MICE-LGR Monthly Performance Report,1. Summary,,
RPPBI0081,MICE-LGR Monthly Performance Report,2. Funnel & Levers,,
RPPBI0081,MICE-LGR Monthly Performance Report,3. KPI's Evolution,,
RPPBI0081,MICE-LGR Monthly Performance Report,4. Companies - Agencies - Portals,,
RPPBI0081,MICE-LGR Monthly Performance Report,Index,,
RPPBI0073,General Project Monitoring,General Project Monitoring,,
RPPBI0073,General Project Monitoring,HOME,,
TLPBI0005,Ongoing Project Tool (KPI),Change Orders,,
TLPBI0005,Ongoing Project Tool (KPI),Exit,,
TLPBI0005,Ongoing Project Tool (KPI),Forecast Area,,
TLPBI0005,Ongoing Project Tool (KPI),ZIM Details,,
TLPBI0005,Ongoing Project Tool (KPI),General View,,
TLPBI0005,Ongoing Project Tool (KPI),Glosary,,
TLPBI0005,Ongoing Project Tool (KPI),HOME,,
TLPBI0005,Ongoing Project Tool (KPI),KPI Cost Control,,
TLPBI0005,Ongoing Project Tool (KPI),KPI Cost Control Grouped,,
TLPBI0005,Ongoing Project Tool (KPI),Pending Orders,,
RPPBI0034,Corporate Market Share - 2024,Additional Information,,
RPPBI0034,Corporate Market Share - 2024,Compset Information,Competetive Set Information,Competetive Set Information
RPPBI0034,Corporate Market Share - 2024,Daily Summary,"Corporate Market Share, Daily Results","Corporate Market Share, Daily Results"
RPPBI0034,Corporate Market Share - 2024,Index,"CMS, Index","CMS, Index"
RPPBI0034,Corporate Market Share - 2024,Monthly Summary,"Corporate Market Share, Monthly Results","Corporate Market Share, Monthly Results"
RPPBI0034,Corporate Market Share - 2024,Monthly Summary_WithoutBlocked,"Corporate Market Share, Monthly Results","Corporate Market Share, Monthly Results"
RPPBI0034,Corporate Market Share - 2024,ReviewPro vs BenchMark,"Corporate Market Share, ReviewPro, Benchmark","Benchmark, Corporate Market Share, ReviewPro"
RPPBI0034,Corporate Market Share - 2024,STR Forecast Dashboard 2024,"STR Forecast, Corporate Market Share, 2024","2024, Corporate Market Share, STR Forecast"
RPPBI0034,Corporate Market Share - 2024,STR Forecast Dashboard 2025,"STR Forecast, Corporate Market Share, 2024","2024, Corporate Market Share, STR Forecast"
RPPBI0034,Corporate Market Share - 2024,STR Forward 365 Days SubMarket,,
RPPBI0034,Corporate Market Share - 2024,STR Forward 365 Days Compset,,
RPPBI0034,Corporate Market Share - 2024,STR Forward 90 Days SubMarket,,
RPPBI0034,Corporate Market Share - 2024,STR Forward 90 Days Compset,,
RPPBI0034,Corporate Market Share - 2024,Targets Dashboard,"Results, Targets, 2024, Corporate Market Share","2024, Corporate Market Share, Results, Targets"
RPPBI0034,Corporate Market Share - 2024,TREV & Segments,"Coporate Market Share, Total Revenue, Segments","Coporate Market Share, Segments, Total Revenue"
RPPBI0030,FC Automation Dashboard,Duetto Export,,
RPPBI0030,FC Automation Dashboard,Executive Summary,,
RPPBI0030,FC Automation Dashboard,FC Accuracy,,
RPPBI0030,FC Automation Dashboard,FC Dashboard,,
RPPBI0030,FC Automation Dashboard,FC Evolution,,
RPPBI0030,FC Automation Dashboard,FC Feature Importance,,
RPPBI0076,CRO Daily Key Metrics,1.Executive Summary,CRO,CRO
RPPBI0076,CRO Daily Key Metrics,2.Taskforce,Taskforce,Taskforce
RPPBI0076,CRO Daily Key Metrics,3.Share,"Share, Share Hotel, Share CRO","Share, Share CRO, Share Hotel"
RPPBI0076,CRO Daily Key Metrics,4.Traffic,"Traffic CRO, Traffic","Traffic, Traffic CRO"
RPPBI0076,CRO Daily Key Metrics,5.Codifications,Codifications,Codifications
RPPBI0076,CRO Daily Key Metrics,Adhoc Chat,"Ad-hoc, Customizable Table, Table","Ad-hoc, Customizable Table, Table"
RPPBI0076,CRO Daily Key Metrics,Adhoc Mail,"Ad-hoc, Customizable Table, Table","Ad-hoc, Customizable Table, Table"
RPPBI0076,CRO Daily Key Metrics,Adhoc Voice,"Ad-hoc, Customizable Table, Table","Ad-hoc, Customizable Table, Table"
RPPBI0076,CRO Daily Key Metrics,Glossary,Glossary,Glossary
RPPBI0076,CRO Daily Key Metrics,Incidents_ToolTip,,
RPPBI0076,CRO Daily Key Metrics,Index,,
RPPBI0076,CRO Daily Key Metrics,Mails Identification Evolution,"Mails, Mails Identification","Mails, Mails Identification"
RPPBI0076,CRO Daily Key Metrics,PPT's_View,"PPT's, PPT's View for CRO, CRO","CRO, PPT's, PPT's View for CRO"
RPPBI0076,CRO Daily Key Metrics,Pruebas,,
RPPBI0110,Cvent Dashboard,Conversion Analysis,"Conversion Analysis, Conversion, Conversion Rate","Conversion, Conversion Analysis, Conversion Rate"
RPPBI0110,Cvent Dashboard,Denial Analysis,"Denial Analysis, Denial","Denial, Denial Analysis"
RPPBI0110,Cvent Dashboard,Diamonds Info,"Diamonds Cvent, Diamonds Information","Diamonds Cvent, Diamonds Information"
RPPBI0110,Cvent Dashboard,Executive Summary,Cvent,Cvent
RPPBI0110,Cvent Dashboard,Glossay,Glossary,Glossary
RPPBI0110,Cvent Dashboard,Index,,
RPPBI0110,Cvent Dashboard,Map_Tooltip,,
RPPBI0110,Cvent Dashboard,Pipeline,"Pipeline, General View, Table","General View, Pipeline, Table"
RPPBI0110,Cvent Dashboard,POS,"POS, Point of Sale, Feeder Market","Feeder Market, POS, Point of Sale"
RPPBI0110,Cvent Dashboard,SLA Report,"SLA, SLA Cvent, SLA Organizations","SLA, SLA Cvent, SLA Organizations"
RPPBI0016,Advanced Quality Report,ADR vs Value for Money,"Quality, ReviewPro, Guest Satisfaction, Survey","Guest Satisfaction, Quality, ReviewPro, Survey"
RPPBI0016,Advanced Quality Report,Department Focus,,
RPPBI0016,Advanced Quality Report,Executive Summary,"Quality, ReviewPro, Guest Satisfaction, Survey","Guest Satisfaction, Quality, ReviewPro, Survey"
RPPBI0016,Advanced Quality Report,Extra visuals for PPTs,"Quality, ReviewPro, Guest Satisfaction, Survey","Guest Satisfaction, Quality, ReviewPro, Survey"
RPPBI0016,Advanced Quality Report,Hotels at risk in Booking.com,"Quality, Risk, Booking","Booking, Quality, Risk"
RPPBI0016,Advanced Quality Report,Hotels at risk in Google,"Quality, Risk, Google","Google, Quality, Risk"
RPPBI0016,Advanced Quality Report,Index,"Quality, Index","Index, Quality"
RPPBI0016,Advanced Quality Report,Internal Surveys,"Quality, Scores, Survey","Quality, Scores, Survey"
RPPBI0016,Advanced Quality Report,Internal Surveys Scores Analysis,,
RPPBI0016,Advanced Quality Report,NPS Brand Competition,,
RPPBI0016,Advanced Quality Report,Old Executive Summary,,
RPPBI0016,Advanced Quality Report,Online Ratings,"Quality, Scores, Online","Online, Quality, Scores"
RPPBI0016,Advanced Quality Report,Online Ratings Scores Analysis,,
RPPBI0016,Advanced Quality Report,Quality Predictors,"Quality, Predictors, Simulator, Importance","Importance, Predictors, Quality, Simulator"
RPPBI0016,Advanced Quality Report,Revenue Optimizer 2.0,"Quality, Competition, Strategic","Competition, Quality, Strategic"
RPPBI0016,Advanced Quality Report,Room Type Focus,"Quality, Room","Quality, Room"
RPPBI0016,Advanced Quality Report,Service Targets,"Quality, Service, Target","Quality, Service, Target"
RPPBI0016,Advanced Quality Report,Targets & MBOs,"Quality, Target, Bonus, MBO","Bonus, MBO, Quality, Target"
RPPBI0170,Hotel Benchmark Report,Breakdown Matrix,"Benchmark, BPC, USALI, P&L","BPC, Benchmark, P&L, USALI"
RPPBI0170,Hotel Benchmark Report,Commercial Approach,"Benchmark, BPC, USALI, P&L","BPC, Benchmark, P&L, USALI"
RPPBI0170,Hotel Benchmark Report,Data Quality,"Benchmark, BPC, USALI, P&L","BPC, Benchmark, P&L, USALI"
RPPBI0170,Hotel Benchmark Report,EFTs Info & Accuracy,"Benchmark, BPC, USALI, P&L","BPC, Benchmark, P&L, USALI"
RPPBI0170,Hotel Benchmark Report,Executive Summary,"Benchmark, BPC, USALI, P&L","BPC, Benchmark, P&L, USALI"
RPPBI0170,Hotel Benchmark Report,Index,"Benchmark, BPC, USALI, P&L","BPC, Benchmark, P&L, USALI"
RPPBI0170,Hotel Benchmark Report,P&L Summary Tables,"Benchmark, BPC, USALI, P&L","BPC, Benchmark, P&L, USALI"
RPPBI0170,Hotel Benchmark Report,P&L Tests,,
RPPBI0170,Hotel Benchmark Report,P&L Traditional vs USALI,"Benchmark, BPC, USALI, P&L","BPC, Benchmark, P&L, USALI"
RPPBI0170,Hotel Benchmark Report,Quick Benchmark,"Benchmark, BPC, USALI, P&L","BPC, Benchmark, P&L, USALI"
RPPBI0170,Hotel Benchmark Report,Ratios Benchmark,"Benchmark, BPC, USALI, P&L","BPC, Benchmark, P&L, USALI"
RPPBI0170,Hotel Benchmark Report,Ratios Evolution,"Benchmark, BPC, USALI, P&L","BPC, Benchmark, P&L, USALI"
RPPBI0170,Hotel Benchmark Report,Security Roles,"Security, RLS","RLS, Security"
RPPBI0170,Hotel Benchmark Report,Segmentation Summary,,
RPPBI0150,Corporate Market Share - 2025,Additional Information,,
RPPBI0150,Corporate Market Share - 2025,Compset Information,Competetive Set Information,Competetive Set Information
RPPBI0150,Corporate Market Share - 2025,Daily Summary,"Corporate Market Share, Daily Results","Corporate Market Share, Daily Results"
RPPBI0150,Corporate Market Share - 2025,Index,"CMS, Index","CMS, Index"
RPPBI0150,Corporate Market Share - 2025,Monthly Summary,"Corporate Market Share, Monthly Results","Corporate Market Share, Monthly Results"
RPPBI0150,Corporate Market Share - 2025,Monthly Summary_WithoutBlocked,"Corporate Market Share, Monthly Results","Corporate Market Share, Monthly Results"
RPPBI0150,Corporate Market Share - 2025,ReviewPro vs BenchMark,"Corporate Market Share, ReviewPro, Benchmark","Benchmark, Corporate Market Share, ReviewPro"
RPPBI0150,Corporate Market Share - 2025,STR Forecast Dashboard 2025,"STR Forecast, Corporate Market Share","Corporate Market Share, STR Forecast"
RPPBI0150,Corporate Market Share - 2025,STR Forward 365 Days Compset,,
RPPBI0150,Corporate Market Share - 2025,STR Forward 365 Days SubMarket,,
RPPBI0150,Corporate Market Share - 2025,STR Forward 90 Days Compset,,
RPPBI0150,Corporate Market Share - 2025,STR Forward 90 Days SubMarket,,
RPPBI0150,Corporate Market Share - 2025,2025 Market Share Targets,"Results, Targets, 2025, Corporate Market Share","2025, Corporate Market Share, Results, Targets"
RPPBI0150,Corporate Market Share - 2025,TREV & Segments,"Coporate Market Share, Total Revenue, Segments","Coporate Market Share, Segments, Total Revenue"
RPPBI0148,Sustainability Report,BENCHMARKING,"Sustainability, Benchmark, Hotels Ranking, Emissions, Consumption, Ratio, Total, Desviation Ranking, kg CO2, kWh, m3","Benchmark, Consumption, Desviation Ranking, Emissions, Hotels Ranking, Ratio, Sustainability, Total, kWh, kg CO2"
RPPBI0148,Sustainability Report,CarbonFootprint Calculator,"Sustainability, Carbon Footprint, Events","Carbon Footprint, Events, Sustainability"
RPPBI0148,Sustainability Report,CO2,"Sustainability, Emissions, KgCO2, Scope1, Scope2","Emissions, KgCO2, Scope1, Scope2, Sustainability"
RPPBI0148,Sustainability Report,COSTS,"Sustainability, Costs, Energy, Water, Consumptions","Consumptions, Costs, Energy, Sustainability, Water"
RPPBI0148,Sustainability Report,ENERGY,"Sustainability, Energy","Energy, Sustainability"
RPPBI0148,Sustainability Report,Glossary,"Sustainability, Glossary","Glossary, Sustainability"
RPPBI0148,Sustainability Report,HOTEL,"Sustainability, Hotel Summary","Hotel Summary, Sustainability"
RPPBI0148,Sustainability Report,Index,"Sustainability, Index","Index, Sustainability"
RPPBI0148,Sustainability Report,Info Certificates,"Sustainability, Certifications, Definitions","Certifications, Definitions, Sustainability"
RPPBI0148,Sustainability Report,Memory,"Sustainability, Certifications, Consumption, Emissions","Certifications, Consumption, Emissions, Sustainability"
RPPBI0148,Sustainability Report,Overview,"Sustainability, Summary, Global KPIs","Global KPIs, Summary, Sustainability"
RPPBI0148,Sustainability Report,QUALITY,"Sustainability, Quality","Quality, Sustainability"
RPPBI0148,Sustainability Report,TARGETS,"Sustainability, Targets, Emissions","Emissions, Sustainability, Targets"
RPPBI0148,Sustainability Report,WATER,"Sustainability, Water","Sustainability, Water"
RPPBI0125,Weekly Commercial Report 2025,A1 - Agencies,,
RPPBI0125,Weekly Commercial Report 2025,A1 - Companies,,
RPPBI0125,Weekly Commercial Report 2025,Budget Dashboard,,
RPPBI0125,Weekly Commercial Report 2025,Corporate Sales View,,
RPPBI0125,Weekly Commercial Report 2025,Dashboard,,
RPPBI0125,Weekly Commercial Report 2025,Dashboard Evolution,,
RPPBI0125,Weekly Commercial Report 2025,Distribution View,,
RPPBI0125,Weekly Commercial Report 2025,Glossary,,
RPPBI0125,Weekly Commercial Report 2025,Index,,
RPPBI0125,Weekly Commercial Report 2025,Industry Pick Up Alerts!,,
RPPBI0125,Weekly Commercial Report 2025,Managed  Business,,
RPPBI0125,Weekly Commercial Report 2025,Pick Up Alerts,,
RPPBI0125,Weekly Commercial Report 2025,SPIT Dashboard,,
RPPBI0125,Weekly Commercial Report 2025,Sustainability View,,
RPPBI0054,Weekly Commercial Report Closing 2024,A1 - Agencies,,
RPPBI0054,Weekly Commercial Report Closing 2024,A1 - Companies,,
RPPBI0054,Weekly Commercial Report Closing 2024,Budget Dashboard,,
RPPBI0054,Weekly Commercial Report Closing 2024,Corporate Sales View,,
RPPBI0054,Weekly Commercial Report Closing 2024,Dashboard,,
RPPBI0054,Weekly Commercial Report Closing 2024,Dashboard Evolution,,
RPPBI0054,Weekly Commercial Report Closing 2024,Distribution View,,
RPPBI0054,Weekly Commercial Report Closing 2024,Glossary,,
RPPBI0054,Weekly Commercial Report Closing 2024,Index,,
RPPBI0054,Weekly Commercial Report Closing 2024,Industry Pick Up Alerts!,,
RPPBI0054,Weekly Commercial Report Closing 2024,Managed  Business,,
RPPBI0054,Weekly Commercial Report Closing 2024,SPIT Dashboard,,
RPPBI0054,Weekly Commercial Report Closing 2024,Sustainability View,,
RPPBI0189,Distribution NET Report - 2025,Budget TI Spain,,
RPPBI0189,Distribution NET Report - 2025,DR_NET 2023-2025 Dynamic,,
RPPBI0189,Distribution NET Report - 2025,DR_NET 2023-2025 Static,,
RPPBI0189,Distribution NET Report - 2025,MENU,,
RPPBI0173,Daily Revenue Report 2025,Alerts Check,,
RPPBI0173,Daily Revenue Report 2025,Auto FC vs Budget & Official FC,,
RPPBI0173,Daily Revenue Report 2025,Booking Curves,,
RPPBI0173,Daily Revenue Report 2025,Booking Curves Deep Analysis,,
RPPBI0173,Daily Revenue Report 2025,Daily Pick Up,,
RPPBI0173,Daily Revenue Report 2025,Email Alert,,
RPPBI0173,Daily Revenue Report 2025,Executive Summary,,
RPPBI0173,Daily Revenue Report 2025,Index,,
RPPBI0173,Daily Revenue Report 2025,OTB vs SPIT Summary,,
RPPBI0173,Daily Revenue Report 2025,Pick Up Channel Detail,,
RPPBI0173,Daily Revenue Report 2025,TOP Reservation Detail,,
RPPBI0175,Weekly Revenue Report 2025,Executive Summary,,
RPPBI0175,Weekly Revenue Report 2025,Forecast Analytics,,
RPPBI0175,Weekly Revenue Report 2025,Index,,
RPPBI0175,Weekly Revenue Report 2025,Long Term Booking Curves,,
RPPBI0175,Weekly Revenue Report 2025,MC Business Update,,
RPPBI0175,Weekly Revenue Report 2025,Pick Up Alerts,,
RPPBI0175,Weekly Revenue Report 2025,Property View,,
RPPBI0175,Weekly Revenue Report 2025,Total Revenue Detail,,
TLPBI0019,F&B Sizing Tool,Banqueting,,
TLPBI0019,F&B Sizing Tool,Breakfast,,
TLPBI0019,F&B Sizing Tool,F&B Outlets,,
TLPBI0019,F&B Sizing Tool,HC_FTEs x Kitchen,,
TLPBI0019,F&B Sizing Tool,Index,,
TLPBI0019,F&B Sizing Tool,Kitchen Details,,
TLPBI0019,F&B Sizing Tool,Kitchen Summary,,
TLPBI0019,F&B Sizing Tool,Parameters,,
TLPBI0019,F&B Sizing Tool,Restaurant Details,,
TLPBI0019,F&B Sizing Tool,Restaurant Summary,,
TLPBI0019,F&B Sizing Tool,SUMMARY,,
TLPBI0001,Housekeeping Sizing Tool,DETAIL,,
TLPBI0001,Housekeeping Sizing Tool,Index,,
TLPBI0001,Housekeeping Sizing Tool,Next 7 days,,
TLPBI0001,Housekeeping Sizing Tool,Parameters,,
TLPBI0001,Housekeeping Sizing Tool,SUMMARY,,
TLPBI0001,Housekeeping Sizing Tool,Tooltip_Net_Time,,
TLPBI0001,Housekeeping Sizing Tool,Tooltip_PPAA,,
TLPBI0001,Housekeeping Sizing Tool,Tooltip_Restrictions,,
TLPBI0001,Housekeeping Sizing Tool,Tooltip_Room_Size,,
RPPBI0003,Housekeeping Sizing Tool - Management View,DETAIL,,
RPPBI0003,Housekeeping Sizing Tool - Management View,Hotel View,,
RPPBI0003,Housekeeping Sizing Tool - Management View,HR Evolution,,
RPPBI0003,Housekeeping Sizing Tool - Management View,Index,,
RPPBI0003,Housekeeping Sizing Tool - Management View,Security Tooltip,,
RPPBI0003,Housekeeping Sizing Tool - Management View,SUMMARY,,
RPPBI0003,Housekeeping Sizing Tool - Management View,Top Deviations,,
RPPBI0062,Price Competitiveness,Alerts,,
RPPBI0062,Price Competitiveness,Booking Criteria,,
RPPBI0062,Price Competitiveness,Executive Summary,,
RPPBI0062,Price Competitiveness,Glossary,,
RPPBI0062,Price Competitiveness,Index,,
RPPBI0062,Price Competitiveness,Page 1,,
RPPBI0062,Price Competitiveness,Summary by Hotel,,
RPPBI0062,Price Competitiveness,Summary by site,,
RPPBI0062,Price Competitiveness,Test Reservations,,
RPPBI0168,Budget 2025 Report,BPC Budget,,
RPPBI0168,Budget 2025 Report,Channel Mix View,,
RPPBI0168,Budget 2025 Report,Feeder Market Targets,,
RPPBI0168,Budget 2025 Report,MENU,,
RPPBI0168,Budget 2025 Report,Other Revenues Detail,,
RPPBI0168,Budget 2025 Report,Page 3,,
RPPBI0033,Net ADR - 2024,Distribution View,,
RPPBI0033,Net ADR - 2024,EXECUTIVE VIEW,,
RPPBI0033,Net ADR - 2024,MENU,,
RPPBI0033,Net ADR - 2024,Performance Detail,,
RPPBI0033,Net ADR - 2024,The path to Fair,,
TLPBI0010,Commercial Efficiency Model & Mastertools,Executive Summary,,
TLPBI0010,Commercial Efficiency Model & Mastertools,Executive Summary 2024,,
TLPBI0010,Commercial Efficiency Model & Mastertools,Executive Summary 2025,,
TLPBI0010,Commercial Efficiency Model & Mastertools,HOME,,
TLPBI0010,Commercial Efficiency Model & Mastertools,Home Management,,
TLPBI0010,Commercial Efficiency Model & Mastertools,Management Detail,,
TLPBI0010,Commercial Efficiency Model & Mastertools,Management Detail Portfolio,,
TLPBI0010,Commercial Efficiency Model & Mastertools,Management Detail Total Portfolio,,
TLPBI0010,Commercial Efficiency Model & Mastertools,Management View,,
TLPBI0010,Commercial Efficiency Model & Mastertools,Management View 2025,,
TLPBI0010,Commercial Efficiency Model & Mastertools,Mastertools 24 vs 25,,
TLPBI0010,Commercial Efficiency Model & Mastertools,REDACTED EUAM Summary,,
TLPBI0010,Commercial Efficiency Model & Mastertools,REDACTED EUAM Summary 2025,,
TLPBI0010,Commercial Efficiency Model & Mastertools,Portfolio Changes,,
TLPBI0010,Commercial Efficiency Model & Mastertools,Scenarios,,
TLPBI0010,Commercial Efficiency Model & Mastertools,Summary 24 vs 25,,
TLPBI0010,Commercial Efficiency Model & Mastertools,Summary Comparisson,,
TLPBI0010,Commercial Efficiency Model & Mastertools,Team Detail,,
RPPBI0046,B2B Digital Dashboard Closing 2024,MENU,,
RPPBI0046,B2B Digital Dashboard Closing 2024,SubChannel Detail,,
RPPBI0046,B2B Digital Dashboard Closing 2024,WEB PERFORMANCE,,
RPPBI0141,BI Reporting Inventory,HOME,,
RPPBI0141,BI Reporting Inventory,Reporting Inventory,,
RPPBI0141,BI Reporting Inventory,Terms Index,,
RPPBI0142,Power BI Monitoring,Index,,
RPPBI0142,Power BI Monitoring,Overall Performance,,
RPPBI0142,Power BI Monitoring,PBIX Check,,
RPPBI0252,Data Governance Adoption Dashboard,Main Page,,
RPPBI0252,Data Governance Adoption Dashboard,Business Glossary,,
RPPBI0252,Data Governance Adoption Dashboard,Trainings,,
RPPBI0252,Data Governance Adoption Dashboard,Service Delivery,,
RPPBI0252,Data Governance Adoption Dashboard,Reporting Analytics,,
RPPBI0252,Data Governance Adoption Dashboard,Datamap,,
TLPBI0006,Demand Management,Index,,
TLPBI0006,Demand Management,Weekly Status,,
TLPBI0006,Demand Management,Tasks,,
TLPBI0006,Demand Management,People,,
TLPBI0006,Demand Management,Tech-Busi Views,,
TLPBI0006,Demand Management,Current Status,,
TLPBI0006,Demand Management,Project View,,
TLPBI0006,Demand Management,Overall data,,
TLPBI0006,Demand Management,Analytics,,
RPPBI0253,Hotel Master Data,DATABASE,Hotel Masterfile,Hotel Masterfile
RPPBI0253,Hotel Master Data,EXCEL REQUEST,Hotel Masterfile,Hotel Masterfile
RPPBI0253,Hotel Master Data,EXECUTIVE,Hotel Masterfile,Hotel Masterfile
RPPBI0253,Hotel Master Data,HOME,Hotel Masterfile,Hotel Masterfile
RPPBI0253,Hotel Master Data,Hotel View,Hotel Masterfile,Hotel Masterfile
RPPBI0253,Hotel Master Data,Page 1,,
RPPBI0146,Look2Book,Daily Report,,
RPPBI0146,Look2Book,Detail by User Country,,
RPPBI0146,Look2Book,Hotel View,,
RPPBI0146,Look2Book,Hotel Web Availability,,
RPPBI0146,Look2Book,Index,,
RPPBI0146,Look2Book,Monthly Overview,,
RPPBI0122,Media Report,Business Unit Detail,,
RPPBI0122,Media Report,Campaign Manager Global,,
RPPBI0122,Media Report,Country Auditor,,
RPPBI0122,Media Report,Destination Ads,,
RPPBI0122,Media Report,Display Performance,,
RPPBI0122,Media Report,Display Performance BK,,
RPPBI0122,Media Report,Executive overview,,
RPPBI0122,Media Report,Glossary,,
RPPBI0122,Media Report,Index,,
RPPBI0122,Media Report,Pop Up,,
RPPBI0122,Media Report,Manual,,
RPPBI0063,Website Performance Report,Criteria Information,,
RPPBI0063,Website Performance Report,Daily Performance,,
RPPBI0063,Website Performance Report,Index,,
RPPBI0063,Website Performance Report,Login Analysis,,
RPPBI0063,Website Performance Report,Purchases Detail,,
RPPBI0063,Website Performance Report,Website Overview,,
RPPBI0254,Pricing F&B Dashboard 2024,Analysis by product categories,,
RPPBI0254,Pricing F&B Dashboard 2024,Considerations,,
RPPBI0254,Pricing F&B Dashboard 2024,F&B evolution,,
RPPBI0254,Pricing F&B Dashboard 2024,Impacts Analysis by Hotel,,
RPPBI0254,Pricing F&B Dashboard 2024,Impacts analysis by Outlet,,
RPPBI0254,Pricing F&B Dashboard 2024,Index,,
RPPBI0254,Pricing F&B Dashboard 2024,MICE Impacts Analysis,,
RPPBI0254,Pricing F&B Dashboard 2024,MICE monthly evolution,,
RPPBI0254,Pricing F&B Dashboard 2024,Summary analyzed hotels,,
RPPBI0254,Pricing F&B Dashboard 2024,Summary analyzed hotels v2,,
RPPBI0255,Pricing F&B Dashboard 2025,F&B evolution,,
RPPBI0255,Pricing F&B Dashboard 2025,Impacts analysis by Outlet,,
RPPBI0255,Pricing F&B Dashboard 2025,Summary analyzed hotels v2,,
RPPBI0160,F&B Breakfast Report,BREAKFAST_BENCHMARK,,
RPPBI0160,F&B Breakfast Report,BREAKFAST_DETAIL,,
RPPBI0160,F&B Breakfast Report,DATA_BROWSER,,
RPPBI0160,F&B Breakfast Report,DEMAND_ANALYSIS,,
RPPBI0160,F&B Breakfast Report,EXECUTIVE,,
RPPBI0160,F&B Breakfast Report,GOP_EXERCISE,,
RPPBI0160,F&B Breakfast Report,HOME,,
RPPBI0160,F&B Breakfast Report,MANUAL_DETAIL,,
RPPBI0160,F&B Breakfast Report,MANUAL_PRICES,,
RPPBI0160,F&B Breakfast Report,METHODOLOGY,,
RPPBI0160,F&B Breakfast Report,QUALITY_CONTROL,,
RPPBI0160,F&B Breakfast Report,QUALITY_CONTROL_POS_,,
RPPBI0109,F&B Outlets Report,Article Table,,
RPPBI0109,F&B Outlets Report,DB_GLOSSARY,,
RPPBI0109,F&B Outlets Report,EXECUTIVE_VIEW,,
RPPBI0109,F&B Outlets Report,HOME,,
RPPBI0109,F&B Outlets Report,MENU_ANALYSIS,,
RPPBI0109,F&B Outlets Report,MENU_ANALYSIS_GLOBAL,,
RPPBI0109,F&B Outlets Report,METHODOLOGY,,
RPPBI0109,F&B Outlets Report,OUTLET_ANALYSIS,,
RPPBI0109,F&B Outlets Report,OUTLETS_DB,,
RPPBI0109,F&B Outlets Report,P&L_DETAIL,,
RPPBI0109,F&B Outlets Report,P&L_TRADITIONAL,,
RPPBI0109,F&B Outlets Report,PAY_ANALYSIS,,
RPPBI0109,F&B Outlets Report,PAY_ANALYSIS_GLOBAL,,
RPPBI0109,F&B Outlets Report,Product Detailed Page,,
RPPBI0109,F&B Outlets Report,QUALITY_CONTROL,,
RPPBI0109,F&B Outlets Report,QUALITY_TICKETS,,
RPPBI0008,QUEST Weekly Update,Duplicate of MENU,,
RPPBI0008,QUEST Weekly Update,EXECUTIVE,,
RPPBI0008,QUEST Weekly Update,GL_EXECUTIVE,,
RPPBI0008,QUEST Weekly Update,MENU,,
RPPBI0008,QUEST Weekly Update,METHODOLOGY,,
RPPBI0008,QUEST Weekly Update,MM_EXECUTIVE,,
RPPBI0008,QUEST Weekly Update,ODB_GL,,
RPPBI0008,QUEST Weekly Update,ODB_MM,,
RPPBI0086,MICE-LGR Bring It Back Report,Agencies,,
RPPBI0086,MICE-LGR Bring It Back Report,Companies,,
RPPBI0086,MICE-LGR Bring It Back Report,Events Table,,
RPPBI0086,MICE-LGR Bring It Back Report,Index,,
RPPBI0086,MICE-LGR Bring It Back Report,Portals,,
RPPBI0086,MICE-LGR Bring It Back Report,Tooltip Portals,,
RPPBI0086,MICE-LGR Bring It Back Report,Visual Summary,,
RPPBI0088,MICE-LGR Meeting Room Occupancy Report,1. Summary,,
RPPBI0088,MICE-LGR Meeting Room Occupancy Report,2. Meeting Room KPIs & Details,,
RPPBI0088,MICE-LGR Meeting Room Occupancy Report,Glossary,,
RPPBI0088,MICE-LGR Meeting Room Occupancy Report,Index,,
RPPBI0088,MICE-LGR Meeting Room Occupancy Report,Master Data,,
RPPBI0192,MICE-LGR Weekly Evolution Report - On Production 2024,Detail Tables,,
RPPBI0192,MICE-LGR Weekly Evolution Report - On Production 2024,Evolutive Table,,
RPPBI0192,MICE-LGR Weekly Evolution Report - On Production 2024,Index,,
RPPBI0192,MICE-LGR Weekly Evolution Report - On Production 2024,Outlook per Lead Time,,
RPPBI0192,MICE-LGR Weekly Evolution Report - On Production 2024,TOP REJ+LOS+CXL Reasons,,
RPPBI0192,MICE-LGR Weekly Evolution Report - On Production 2024,Visuals,,
RPPBI0192,MICE-LGR Weekly Evolution Report - On Production 2024,Weekly Summary,,
TLPBI0023,Ongoing Project Tool (KPI) - Total View,HOME,,
TLPBI0023,Ongoing Project Tool (KPI) - Total View,Total Forecast,,
RPPBI0079,Other Revenues Report - 2025,Additional Information,,
RPPBI0079,Other Revenues Report - 2025,Customizable Views,,
RPPBI0079,Other Revenues Report - 2025,Executive Summary,,
RPPBI0079,Other Revenues Report - 2025,Forecast & Budget,,
RPPBI0079,Other Revenues Report - 2025,Index,,
RPPBI0079,Other Revenues Report - 2025,Other Revenues & Ratios,,
RPPBI0079,Other Revenues Report - 2025,Production Concepts,,
RPPBI0079,Other Revenues Report - 2025,Room Revenues & Ratios,,
RPPBI0079,Other Revenues Report - 2025,Weekly PU vs Budget,,
RPPBI0036,Room Type & Upselling - 2024,Analysis Methodology,,
RPPBI0036,Room Type & Upselling - 2024,Breakfast Report,,
RPPBI0036,Room Type & Upselling - 2024,Hotel Detailed View,,
RPPBI0036,Room Type & Upselling - 2024,Index,,
RPPBI0036,Room Type & Upselling - 2024,Odd Cases,,
RPPBI0036,Room Type & Upselling - 2024,ReRTI,,
RPPBI0036,Room Type & Upselling - 2024,Room Category Deep Analysis,,
RPPBI0036,Room Type & Upselling - 2024,Room Type Summary,,
RPPBI0036,Room Type & Upselling - 2024,Upselling Analytics,,
RPPBI0036,Room Type & Upselling - 2024,Upselling Summary,,
RPPBI0163,Room Type & Upselling - 2025,Analysis Methodology,,
RPPBI0163,Room Type & Upselling - 2025,Breakfast Report,,
RPPBI0163,Room Type & Upselling - 2025,Hotel Detailed View,,
RPPBI0163,Room Type & Upselling - 2025,Index,,
RPPBI0163,Room Type & Upselling - 2025,Odd Cases,,
RPPBI0163,Room Type & Upselling - 2025,OTB vs SPIT,,
RPPBI0163,Room Type & Upselling - 2025,ReRTI,,
RPPBI0163,Room Type & Upselling - 2025,Room Category Deep Analysis,,
RPPBI0163,Room Type & Upselling - 2025,Room Type Summary,,
RPPBI0163,Room Type & Upselling - 2025,Tablas Adhoc,,
RPPBI0163,Room Type & Upselling - 2025,Upselling Analytics,,
RPPBI0163,Room Type & Upselling - 2025,Upselling Summary,,
RPPBI0133,CRO Daily Key Metrics 2024,1.1.Mails Hotel/Destination,,
RPPBI0133,CRO Daily Key Metrics 2024,1.Executive Summary,,
RPPBI0133,CRO Daily Key Metrics 2024,2.Taskforce,,
RPPBI0133,CRO Daily Key Metrics 2024,3.Share,,
RPPBI0133,CRO Daily Key Metrics 2024,4.Traffic,,
RPPBI0133,CRO Daily Key Metrics 2024,5.Codifications,,
RPPBI0133,CRO Daily Key Metrics 2024,Adhoc Mail,,
RPPBI0133,CRO Daily Key Metrics 2024,Adhoc Voice,,
RPPBI0133,CRO Daily Key Metrics 2024,Index,,
RPPBI0133,CRO Daily Key Metrics 2024,Mails Identification Evolution,,
RPPBI0133,CRO Daily Key Metrics 2024,PPT's_View,,
RPPBI0132,Cvent_Dashboard 2024,Conversion Analysis,,
RPPBI0132,Cvent_Dashboard 2024,Denial Analysis,,
RPPBI0132,Cvent_Dashboard 2024,Executive Summary,,
RPPBI0132,Cvent_Dashboard 2024,Index,,
RPPBI0132,Cvent_Dashboard 2024,Pipeline,,
RPPBI0132,Cvent_Dashboard 2024,POS,,
RPPBI0017,Hotel Benchmark Report 2024,Breakdown Matrix,,
RPPBI0017,Hotel Benchmark Report 2024,Data Quality,,
RPPBI0017,Hotel Benchmark Report 2024,EFTs Info & Accuracy,,
RPPBI0017,Hotel Benchmark Report 2024,Executive Summary,,
RPPBI0017,Hotel Benchmark Report 2024,Index,,
RPPBI0017,Hotel Benchmark Report 2024,P&L Summary Tables,,
RPPBI0017,Hotel Benchmark Report 2024,P&L Tests,,
RPPBI0017,Hotel Benchmark Report 2024,P&L Traditional vs USALI,,
RPPBI0017,Hotel Benchmark Report 2024,Ratios Benchmark,,
RPPBI0017,Hotel Benchmark Report 2024,Ratios Evolution,,
RPPBI0017,Hotel Benchmark Report 2024,Security Roles,,
RPPBI0017,Hotel Benchmark Report 2024,Segmentation Summary,,
RPPBI0258,Usage Metrics Monitoring,Downloading Data,,
RPPBI0258,Usage Metrics Monitoring,Report Details,,
RPPBI0258,Usage Metrics Monitoring,User Details,,
RPPBI0258,Usage Metrics Monitoring,Workspace Overview,,
RPPBI0147,Energy Report,COSTS," Consumptions Costs, Consumptions Budget","Consumptions Budget, Consumptions Costs"
RPPBI0147,Energy Report,Electricity,"Electricity, Actuals, Forecast, Consumption","Actuals, Consumption, Electricity, Forecast"
RPPBI0147,Energy Report,ENERGY,"Energy, Actuals, Forecast, Consumption","Actuals, Consumption, Energy, Forecast"
RPPBI0147,Energy Report,Executive Summary,,
RPPBI0147,Energy Report,Gas,"Gas, Actuals, Forecast, Consumption","Actuals, Consumption, Forecast, Gas"
RPPBI0147,Energy Report,Index,,
RPPBI0147,Energy Report,WATER,"Water, Actuals, Forecast, Consumption","Actuals, Consumption, Forecast, Water"
RPPBI0147,Energy Report,Waterfall,,
RPPBI0106,Energy Report 2024,Electricity,"Electricity, Actuals, Forecast, Consumption","Actuals, Consumption, Electricity, Forecast"
RPPBI0106,Energy Report 2024,ENERGY,"Energy, Actuals, Forecast, Consumption","Actuals, Consumption, Energy, Forecast"
RPPBI0106,Energy Report 2024,Executive Summary,,
RPPBI0106,Energy Report 2024,Gas,"Gas, Actuals, Forecast, Consumption","Actuals, Consumption, Forecast, Gas"
RPPBI0106,Energy Report 2024,Index,,
RPPBI0106,Energy Report 2024,WATER,"Water, Actuals, Forecast, Consumption","Actuals, Consumption, Forecast, Water"
RPPBI0107,Sustainability Report 2024,BENCHMARKING,,
RPPBI0107,Sustainability Report 2024,CarbonFootprint Calculator,"Sustainability, Carbon Footprint, Events","Carbon Footprint, Events, Sustainability"
RPPBI0107,Sustainability Report 2024,CO2,"Sustainability, Emissions","Emissions, Sustainability"
RPPBI0107,Sustainability Report 2024,COSTS,"Sustainability, Costs","Costs, Sustainability"
RPPBI0107,Sustainability Report 2024,ENERGY,"Sustainability, Energy","Energy, Sustainability"
RPPBI0107,Sustainability Report 2024,Glossary,"Sustainability, Glossary","Glossary, Sustainability"
RPPBI0107,Sustainability Report 2024,HOTEL,"Sustainability, Hotel Summary","Hotel Summary, Sustainability"
RPPBI0107,Sustainability Report 2024,Index,"Sustainability, Index","Index, Sustainability"
RPPBI0107,Sustainability Report 2024,Memory,"Sustainability, Certifications, Consumption, Emissions","Certifications, Consumption, Emissions, Sustainability"
RPPBI0107,Sustainability Report 2024,Overview,"Sustainability, Summary, Global KPIs","Global KPIs, Summary, Sustainability"
RPPBI0107,Sustainability Report 2024,QUALITY,"Sustainability, Quality","Quality, Sustainability"
RPPBI0107,Sustainability Report 2024,TARGETS,"Sustainability, Targets, Emissions","Emissions, Sustainability, Targets"
RPPBI0107,Sustainability Report 2024,WATER,"Sustainability, Water","Sustainability, Water"
RPPBI0058,PET-MBO 2024,C4C_Dashboard_Activity,,
RPPBI0058,PET-MBO 2024,C4C_UserAdoption,,
RPPBI0058,PET-MBO 2024,C4C_UserRecurrence,,
RPPBI0058,PET-MBO 2024,Detail by Team & AH,,
RPPBI0058,PET-MBO 2024,Detail by Unmanaged Accounts,,
RPPBI0058,PET-MBO 2024,Index,,
RPPBI0058,PET-MBO 2024,NewBusiness,,
RPPBI0058,PET-MBO 2024,PET Production & C4C Activity,,
RPPBI0058,PET-MBO 2024,PET Summary View,,
RPPBI0169,PET-MBO 2025,C4C_Dashboard_Activity,,
RPPBI0169,PET-MBO 2025,C4C_UserAdoption,,
RPPBI0169,PET-MBO 2025,C4C_UserRecurrence,,
RPPBI0169,PET-MBO 2025,Detail by Team & AH,,
RPPBI0169,PET-MBO 2025,Detail by Unmanaged Accounts,,
RPPBI0169,PET-MBO 2025,Glossary,,
RPPBI0169,PET-MBO 2025,Index,,
RPPBI0169,PET-MBO 2025,NewBusiness,,
RPPBI0169,PET-MBO 2025,Performance Alerts,,
RPPBI0169,PET-MBO 2025,PET Production & C4C Activity,,
RPPBI0169,PET-MBO 2025,PET Summary View,,
RPPBI0226,PET-MBO 2025 - BUSE,C4C_UserRecurrence,,
RPPBI0226,PET-MBO 2025 - BUSE,Detail by Team & AH,,
RPPBI0226,PET-MBO 2025 - BUSE,Detail by Unmanaged Accounts,,
RPPBI0226,PET-MBO 2025 - BUSE,Index,,
RPPBI0226,PET-MBO 2025 - BUSE,NewBusiness,,
RPPBI0226,PET-MBO 2025 - BUSE,PET Production & C4C Activity,,
RPPBI0226,PET-MBO 2025 - BUSE,PET Summary View,,
RPPBI0180,HRS Override Commission Report,MENU,,
RPPBI0180,HRS Override Commission Report,TAF by Month,,
RPPBI0180,HRS Override Commission Report,TAF Reservations Detail,,
RPPBI0177,MBOs Revenue Management 2025,Additional Information,,
RPPBI0177,MBOs Revenue Management 2025,Duetto Restrictions & Dynamic Optim.,,
RPPBI0177,MBOs Revenue Management 2025,Duetto Restrictions & Dynamic Optimization,,
RPPBI0177,MBOs Revenue Management 2025,Forecast Automation,,
RPPBI0177,MBOs Revenue Management 2025,Index,,
RPPBI0177,MBOs Revenue Management 2025,MBO's Calculation,,
RPPBI0177,MBOs Revenue Management 2025,RGI Real vs Target,,
RPPBI0177,MBOs Revenue Management 2025,TREV Consecution vs Budget,,
RPPBI0177,MBOs Revenue Management 2025,TREV Deviation vs Budget,,
RPPBI0177,MBOs Revenue Management 2025,Web First Impact,,
RPPBI0178,OTB vs STLY 25,Daily %Occupancy Evolution,,
RPPBI0178,OTB vs STLY 25,Daily OTB vs STLY,,
RPPBI0178,OTB vs STLY 25,Index,,
RPPBI0178,OTB vs STLY 25,Pick Up This Week,,
RPPBI0041,Weekly Revenue Report 2024,Automated Forecast,,
RPPBI0041,Weekly Revenue Report 2024,Executive Summary,,
RPPBI0041,Weekly Revenue Report 2024,Forecast Debrief,,
RPPBI0041,Weekly Revenue Report 2024,Index,,
RPPBI0041,Weekly Revenue Report 2024,Key Property View,,
RPPBI0041,Weekly Revenue Report 2024,OTB 24 vs SPIT 23 Summary,,
RPPBI0041,Weekly Revenue Report 2024,OTB vs BGT Summary,,
RPPBI0041,Weekly Revenue Report 2024,OTB vs SPIT Rate & Channel Detail,,
RPPBI0041,Weekly Revenue Report 2024,Other Revenues Report,,
RPPBI0041,Weekly Revenue Report 2024,Performance Activity,,
RPPBI0041,Weekly Revenue Report 2024,Segment Alerts,,
RPPBI0152,Capex Committee Report,Capex Database,,
RPPBI0152,Capex Committee Report,Exe Sum_NH CAP_ALL BU,,
RPPBI0152,Capex Committee Report,HOME,,
RPPBI0053,NBA Dashboard, C4C & CRO NBA,,
RPPBI0053,NBA Dashboard,NBA Production,,
RPPBI0167,Net ADR - 2025,Distribution View,,
RPPBI0167,Net ADR - 2025,EXECUTIVE VIEW,,
RPPBI0167,Net ADR - 2025,MENU,,
RPPBI0167,Net ADR - 2025,Performance Detail,,
RPPBI0167,Net ADR - 2025,Validation Table,,
RPPBI0048,Contract Management Report 2024,Company Contract Detail,,
RPPBI0048,Contract Management Report 2024,Declined RFP / Business Cases,,
RPPBI0048,Contract Management Report 2024,MENU,,
RPPBI0048,Contract Management Report 2024,Revenue Alerts,,
RPPBI0048,Contract Management Report 2024,Summary Overview,,
RPPBI0048,Contract Management Report 2024,Validation,,
RPPBI0101,Hotel Rewards Dashboard 2019,Executive Summary,,
RPPBI0100,Hotel Rewards Dashboard 2020,Executive Summary,,
RPPBI0172,Database Report,DATABASE,,
RPPBI0172,Database Report,Glossary,,
RPPBI0172,Database Report,Index,,
RPPBI0172,Database Report,Occupancy,,
RPPBI0111,Google Cloud Billing,BigQuery Detail,,
RPPBI0111,Google Cloud Billing,Overview,,
RPPBI0064,Online Check-in Report,Criteria Information,,
RPPBI0064,Online Check-in Report,Error Analysis Overview,"OCI, Check-In, GA4","Check-In, GA4, OCI"
RPPBI0064,Online Check-in Report,Index,"OCI, Check-In","Check-In, OCI"
RPPBI0064,Online Check-in Report,MD OCI Hotel,"OCI, Check-In","Check-In, OCI"
RPPBI0064,Online Check-in Report,OCI VUE for Anantara,"OCI, Check-In","Check-In, OCI"
RPPBI0064,Online Check-in Report,Online Process Anantara,"OCI, Check-In, GA4","Check-In, GA4, OCI"
RPPBI0064,Online Check-in Report,Online Process Overview,"OCI, Check-In, GA4","Check-In, GA4, OCI"
RPPBI0064,Online Check-in Report,Transactional Process Anantara,"OCI, Check-In","Check-In, OCI"
RPPBI0064,Online Check-in Report,Transactional Process Contactability,"OCI, Check-In","Check-In, OCI"
RPPBI0064,Online Check-in Report,Transactional Process Dimension View,"OCI, Check-In","Check-In, OCI"
RPPBI0064,Online Check-in Report,Transactional Process Hotel View,"OCI, Check-In","Check-In, OCI"
RPPBI0064,Online Check-in Report,Transactional Process Overview,"OCI, Check-In","Check-In, OCI"
RPPBI0245,Website Performance Report,Daily Performance,,
RPPBI0244,Website Performance Report,Daily Performance,,
RPPBI0245,Website Performance Report,Index,,
RPPBI0244,Website Performance Report,Purchases Detail,,
RPPBI0245,Website Performance Report,Purchases Detail,,
RPPBI0159,F&B Invitations Analysis Report,BENCHMARK,,
RPPBI0159,F&B Invitations Analysis Report,COST_ANALYSIS,,
RPPBI0159,F&B Invitations Analysis Report,DATA_BROWSER,,
RPPBI0159,F&B Invitations Analysis Report,DETAIL,,
RPPBI0159,F&B Invitations Analysis Report,DETAIL PER PRODUCT,,
RPPBI0159,F&B Invitations Analysis Report,EXECUTIVE,,
RPPBI0159,F&B Invitations Analysis Report,HOME,,
RPPBI0159,F&B Invitations Analysis Report,METHODOLOGY,,
RPPBI0159,F&B Invitations Analysis Report,REASONS_QUALITY,,
RPPBI0159,F&B Invitations Analysis Report,RECLASS,,
TLPBI0004,Housekeeping In vs Out Advanced Tool, MD02_STEP01,,
TLPBI0004,Housekeeping In vs Out Advanced Tool,ABOUT,,
TLPBI0004,Housekeeping In vs Out Advanced Tool,HOME,,
TLPBI0004,Housekeeping In vs Out Advanced Tool,INFORMATION,,
TLPBI0004,Housekeeping In vs Out Advanced Tool,LOG IN,,
TLPBI0004,Housekeeping In vs Out Advanced Tool,MD01_EXIT,,
TLPBI0004,Housekeeping In vs Out Advanced Tool,MD01_EXPORT,,
TLPBI0004,Housekeeping In vs Out Advanced Tool,MD01_REPORT,,
TLPBI0004,Housekeeping In vs Out Advanced Tool,MD01_REPORT1,,
TLPBI0004,Housekeeping In vs Out Advanced Tool,MD01_REPORT2,,
TLPBI0004,Housekeeping In vs Out Advanced Tool,MD01_REPORT3,,
TLPBI0004,Housekeeping In vs Out Advanced Tool,MD01_START,,
TLPBI0004,Housekeeping In vs Out Advanced Tool,MD01_STEP01,,
TLPBI0004,Housekeeping In vs Out Advanced Tool,MD01_STEP02,,
TLPBI0004,Housekeeping In vs Out Advanced Tool,MD01_STEP0201,,
TLPBI0004,Housekeeping In vs Out Advanced Tool,MD01_STEP0202,,
TLPBI0004,Housekeeping In vs Out Advanced Tool,MD01_STEP03,,
TLPBI0004,Housekeeping In vs Out Advanced Tool,MD01_STEP0301,,
TLPBI0004,Housekeeping In vs Out Advanced Tool,MD01_STEP0302,,
TLPBI0004,Housekeeping In vs Out Advanced Tool,MD02_EXIT,,
TLPBI0004,Housekeeping In vs Out Advanced Tool,MD02_EXPORT,,
TLPBI0004,Housekeeping In vs Out Advanced Tool,MD02_REPORT,,
TLPBI0004,Housekeeping In vs Out Advanced Tool,MD02_REPORT1,,
TLPBI0004,Housekeeping In vs Out Advanced Tool,MD02_REPORT2,,
TLPBI0004,Housekeeping In vs Out Advanced Tool,MD02_REPORT3,,
TLPBI0004,Housekeeping In vs Out Advanced Tool,MD02_START,,
TLPBI0004,Housekeeping In vs Out Advanced Tool,MD02_STEP02,,
TLPBI0004,Housekeeping In vs Out Advanced Tool,MD02_STEP0201,,
TLPBI0004,Housekeeping In vs Out Advanced Tool,MD02_STEP0202,,
TLPBI0004,Housekeeping In vs Out Advanced Tool,MD02_STEP03,,
TLPBI0004,Housekeeping In vs Out Advanced Tool,MD02_STEP0301,,
TLPBI0004,Housekeeping In vs Out Advanced Tool,MD02_STEP0302,,
TLPBI0004,Housekeeping In vs Out Advanced Tool,RP_COMP,,
TLPBI0004,Housekeeping In vs Out Advanced Tool,RP_MAIN,,
TLPBI0004,Housekeeping In vs Out Advanced Tool,RP_START,,
TLPBI0004,Housekeeping In vs Out Advanced Tool,tooltip_00_Model,,
TLPBI0004,Housekeeping In vs Out Advanced Tool,tooltip04_Turndown,,
TLPBI0004,Housekeeping In vs Out Advanced Tool,tooltip20_Windows,,
TLPBI0004,Housekeeping In vs Out Advanced Tool,tooltip27_turndown,,
TLPBI0004,Housekeeping In vs Out Advanced Tool,tooltip28_Supervisory,,
TLPBI0004,Housekeeping In vs Out Advanced Tool,tooltip29_PUASOut,,
TLPBI0004,Housekeeping In vs Out Advanced Tool,tooltip31_Bellboy,,
TLPBI0004,Housekeeping In vs Out Advanced Tool,tooltip35_ApplyALL,,
TLPBI0004,Housekeeping In vs Out Advanced Tool,tooltip35_HotelInfoM2,,
TLPBI0004,Housekeeping In vs Out Advanced Tool,tooltip36_SPA,,
TLPBI0004,Housekeeping In vs Out Advanced Tool,tooltip37_Investment,,
TLPBI0004,Housekeeping In vs Out Advanced Tool,USER_INFO,,
RPPBI0162,Laundry Cost Analysis Report,COST_METRICS,,
RPPBI0162,Laundry Cost Analysis Report,EXECUTIVE_VIEW,,
RPPBI0162,Laundry Cost Analysis Report,HOME,,
RPPBI0162,Laundry Cost Analysis Report,METHODOLOGY,,
RPPBI0162,Laundry Cost Analysis Report,METHODOLOGY_THEO,,
RPPBI0162,Laundry Cost Analysis Report,RECEPTIONS_DETAIL,,
RPPBI0162,Laundry Cost Analysis Report,RECEPTIONS_DETAIL_List,,
RPPBI0162,Laundry Cost Analysis Report,ROOMS_BENCHMARK,,
RPPBI0162,Laundry Cost Analysis Report,ROOMS_DETAIL,,
RPPBI0162,Laundry Cost Analysis Report,ROOMS_LEVERS,,
RPPBI0162,Laundry Cost Analysis Report,ROOMS_THEORIC,,
RPPBI0162,Laundry Cost Analysis Report,ROOMS_THEORIC_2,,
RPPBI0162,Laundry Cost Analysis Report,STANDARDS_DB,,
RPPBI0078,Group Lead Management KPIs,% of BFs requested to RM,,
RPPBI0078,Group Lead Management KPIs,Index,,
RPPBI0078,Group Lead Management KPIs,QT Conversion Evolution,,
RPPBI0078,Group Lead Management KPIs,QT Usage Evolution,,
RPPBI0078,Group Lead Management KPIs,QT Usage Evolution Table,,
RPPBI0078,Group Lead Management KPIs,Report Info,,
RPPBI0078,Group Lead Management KPIs,SLA RM Matrix,,
RPPBI0078,Group Lead Management KPIs,SLA RM Report,,
RPPBI0128,MICE-LGR Weekly Evolution Report - Demand Distribution 2024,1. Business In & Out Trend,,
RPPBI0128,MICE-LGR Weekly Evolution Report - Demand Distribution 2024,2. Summary Business In,,
RPPBI0128,MICE-LGR Weekly Evolution Report - Demand Distribution 2024,3. Action-Production,,
RPPBI0128,MICE-LGR Weekly Evolution Report - Demand Distribution 2024,4. Dates & BF Detail,,
RPPBI0128,MICE-LGR Weekly Evolution Report - Demand Distribution 2024,5. Point of Destination,,
RPPBI0128,MICE-LGR Weekly Evolution Report - Demand Distribution 2024,6. Point of Sale,,
RPPBI0128,MICE-LGR Weekly Evolution Report - Demand Distribution 2024,7. Top Hot Leads,,
RPPBI0128,MICE-LGR Weekly Evolution Report - Demand Distribution 2024,8. Top Hot Leads CXL+LOS+REJ,,
RPPBI0128,MICE-LGR Weekly Evolution Report - Demand Distribution 2024,9. Monthly Booking Curves,,
RPPBI0128,MICE-LGR Weekly Evolution Report - Demand Distribution 2024,Ad hoc: Performance Comparisons,,
RPPBI0128,MICE-LGR Weekly Evolution Report - Demand Distribution 2024,Index,,
RPPBI0176,Forecast Report 2025,Auto FC Accuracy Evolution,,
RPPBI0176,Forecast Report 2025,Forecast Accuracy,,
RPPBI0176,Forecast Report 2025,Forecast Calendar,,
RPPBI0176,Forecast Report 2025,Index,,
RPPBI0176,Forecast Report 2025,Overrides Analysis,,
RPPBI0037,Weekly Activity - 2024,Actuals & OTB,,
RPPBI0037,Weekly Activity - 2024,Budget Dashboard,,
RPPBI0037,Weekly Activity - 2024,Cancellations Dashboard,,
RPPBI0037,Weekly Activity - 2024,Executive Summary,,
RPPBI0037,Weekly Activity - 2024,Index,,
RPPBI0037,Weekly Activity - 2024,New Reservations,,
RPPBI0174,Weekly Activity - 2025,Actuals & OTB,,
RPPBI0174,Weekly Activity - 2025,Budget Dashboard,,
RPPBI0174,Weekly Activity - 2025,Cancellations Dashboard,,
RPPBI0174,Weekly Activity - 2025,Executive Summary,,
RPPBI0174,Weekly Activity - 2025,Index,,
RPPBI0174,Weekly Activity - 2025,New Reservations,,
RPPBI0174,Weekly Activity - 2025,ToolTip%OCC,,
RPPBI0213,Quality Targets Results 2024,Revenue Optimizer 2024,,
RPPBI0213,Quality Targets Results 2024,Targets & MBOs 2024,,
RPPBI0127,MICE-LGR Monthly Performance Report 2024,1. Summary,,
RPPBI0127,MICE-LGR Monthly Performance Report 2024,2. Funnel & Levers,,
RPPBI0127,MICE-LGR Monthly Performance Report 2024,3. KPI's Evolution,,
RPPBI0127,MICE-LGR Monthly Performance Report 2024,4. Companies - Agencies - Portals,,
RPPBI0127,MICE-LGR Monthly Performance Report 2024,Index,,
RPPBI0179,Promo Report,Early Bird Resorts,,
RPPBI0179,Promo Report,Early Bird Urban,,
RPPBI0179,Promo Report,Employee Rate,,
RPPBI0179,Promo Report,Friends&Family Rate,,
RPPBI0179,Promo Report,Index,,
RPPBI0179,Promo Report,Member Days,,
RPPBI0179,Promo Report,Multirate,,
RPPBI0179,Promo Report,Parking,,
RPPBI0179,Promo Report,Resorts Aut-Win,,
RPPBI0179,Promo Report,Seasonal Exclusives,,
RPPBI0179,Promo Report,Spring,,
RPPBI0179,Promo Report,Winter,,
RPPBI0151,STR,Data Discrepancy Analysis,,
RPPBI0151,STR,Data Discrepancy Overall,,
RPPBI0195,Sustainability Report 2023,CO2 emissions,"Sustainability, Emissions","Emissions, Sustainability"
RPPBI0195,Sustainability Report 2023,COSTS,"Sustainability, Costs","Costs, Sustainability"
RPPBI0195,Sustainability Report 2023,ENERGY,"Sustainability, Energy","Energy, Sustainability"
RPPBI0195,Sustainability Report 2023,HOTEL,"Sustainability, Hotel Summary","Hotel Summary, Sustainability"
RPPBI0195,Sustainability Report 2023,Index,"Sustainability, Index","Index, Sustainability"
RPPBI0195,Sustainability Report 2023,Memory,"Sustainability, Certifications, Consumption, Emissions","Certifications, Consumption, Emissions, Sustainability"
RPPBI0195,Sustainability Report 2023,Glossary,"Sustainability, Glossary","Glossary, Sustainability"
RPPBI0195,Sustainability Report 2023,CarbonFootprint Calculator,"Sustainability, Carbon Footprint, Events","Carbon Footprint, Events, Sustainability"
RPPBI0195,Sustainability Report 2023,Overview,"Sustainability, Summary, Global KPIs","Global KPIs, Summary, Sustainability"
RPPBI0195,Sustainability Report 2023,WATER,"Sustainability, Water","Sustainability, Water"
RPPBI0059,PET-MBO 2023,Detail by Team & AH,,
RPPBI0059,PET-MBO 2023,Glossary,,
RPPBI0059,PET-MBO 2023,Index,,
RPPBI0059,PET-MBO 2023,NewBusiness,,
RPPBI0059,PET-MBO 2023,PET Production & C4C Activity,,
RPPBI0059,PET-MBO 2023,PET Summary View,,
RPPBI0225,PET-MBO 2025 - BUNE,C4C_UserAdoption,,
RPPBI0225,PET-MBO 2025 - BUNE,Detail by Team & AH,,
RPPBI0225,PET-MBO 2025 - BUNE,Index,,
RPPBI0225,PET-MBO 2025 - BUNE,NewBusiness,,
RPPBI0225,PET-MBO 2025 - BUNE,PET Production & C4C Activity,,
RPPBI0055,Weekly Commercial Report Closing 2023,A1 - Agencies,,
RPPBI0055,Weekly Commercial Report Closing 2023,A1 - Companies,,
RPPBI0055,Weekly Commercial Report Closing 2023,Budget Dashboard,,
RPPBI0055,Weekly Commercial Report Closing 2023,Corporate Sales View,,
RPPBI0055,Weekly Commercial Report Closing 2023,Dashboard,,
RPPBI0055,Weekly Commercial Report Closing 2023,Dashboard Evolution,,
RPPBI0055,Weekly Commercial Report Closing 2023,Distribution View,,
RPPBI0055,Weekly Commercial Report Closing 2023,Index,,
RPPBI0055,Weekly Commercial Report Closing 2023,Industry Pick Up Alerts!,,
RPPBI0055,Weekly Commercial Report Closing 2023,Managed  Business,,
RPPBI0055,Weekly Commercial Report Closing 2023,SPIT Dashboard,,
RPPBI0068,Hotel Master Data,Database,Hotel Masterfile,Hotel Masterfile
RPPBI0068,Hotel Master Data,Excel Request,Hotel Masterfile,Hotel Masterfile
RPPBI0068,Hotel Master Data,Executive,Hotel Masterfile,Hotel Masterfile
RPPBI0068,Hotel Master Data,Hotel view,Hotel Masterfile,Hotel Masterfile
RPPBI0068,Hotel Master Data,Field Glossary,Hotel Masterfile,Hotel Masterfile
RPPBI0068,Hotel Master Data,Home,Hotel Masterfile,Hotel Masterfile
RPPBI0068,Hotel Master Data,Manual,Hotel Masterfile,Hotel Masterfile
RPPBI0068,Hotel Master Data,Pop Up,Hotel Masterfile,Hotel Masterfile
RPPBI0038,Daily PU & Booking Curves 2024,Auto FC vs Budget & Official FC,,
RPPBI0038,Daily PU & Booking Curves 2024,Booking Curves,,
RPPBI0038,Daily PU & Booking Curves 2024,Booking Curves Deep Analysis,,
RPPBI0038,Daily PU & Booking Curves 2024,Daily Pick Up,,
RPPBI0038,Daily PU & Booking Curves 2024,Index,,
RPPBI0038,Daily PU & Booking Curves 2024,OTB vs SPIT Summary,,
RPPBI0038,Daily PU & Booking Curves 2024,Pick Up Channel Detail,,
RPPBI0038,Daily PU & Booking Curves 2024,TOP Reservation Detail,,
RPPBI0234,OTB vs STLY 25 - Easter Week,Daily %Occupancy Evolution,,
RPPBI0234,OTB vs STLY 25 - Easter Week,Daily OTB vs STLY,,
RPPBI0234,OTB vs STLY 25 - Easter Week,Index,,
RPPBI0234,OTB vs STLY 25 - Easter Week,Pick Up This Week,,
RPPBI0080,1. Wish&Walk 25' Report,W&W 25 Summary View,,
RPPBI0187,Feeder Market - 2019,Index,,
RPPBI0155,Feeder Market - 2022,MENU,,
RPPBI0022,Feeder Market - 2023,MENU,,
RPPBI0023,Net ADR - 2023,EXECUTIVE VIEW,,
RPPBI0023,Net ADR - 2023,MENU,,
TLPBI0016,OxfordEconomics,Page 1,,
RPPBI0044,Unmanaged & Automanaged Report 2024,1) Executive Overview,,
RPPBI0044,Unmanaged & Automanaged Report 2024,MENU,,
RPPBI0045,Unmanaged & Automanaged Report Closing 2023,1) Executive Dashboard,,
RPPBI0045,Unmanaged & Automanaged Report Closing 2023,2) Unmanaged Business Detail,,
RPPBI0045,Unmanaged & Automanaged Report Closing 2023,3) Hotel+ Business Detail,,
RPPBI0045,Unmanaged & Automanaged Report Closing 2023,4) Hotel+ Acquisition,,
RPPBI0045,Unmanaged & Automanaged Report Closing 2023,5) Campaigns,,
RPPBI0045,Unmanaged & Automanaged Report Closing 2023,MENU,,
TLPBI0025,Commercial Efficiency Model & Mastertools - BUAM,Home Management,,
TLPBI0026,Commercial Efficiency Model & Mastertools - BUNE,Home Management,,
TLPBI0026,Commercial Efficiency Model & Mastertools - BUNE,Management Detail Total Portfolio,,
TLPBI0026,Commercial Efficiency Model & Mastertools - BUNE,Management View,,
TLPBI0026,Commercial Efficiency Model & Mastertools - BUNE,REDACTED EUAM Summary,,
TLPBI0026,Commercial Efficiency Model & Mastertools - BUNE,Team Detail,,
TLPBI0027,Commercial Efficiency Model & Mastertools - BUSE,Home Management,,
TLPBI0027,Commercial Efficiency Model & Mastertools - BUSE,Management View,,
TLPBI0027,Commercial Efficiency Model & Mastertools - BUSE,REDACTED EUAM Summary,,
TLPBI0027,Commercial Efficiency Model & Mastertools - BUSE,Team Detail,,
RPPBI0116,Attribution Model Dashboard,Channel CPA,,
RPPBI0116,Attribution Model Dashboard,Coefficients & Criteria,,
RPPBI0116,Attribution Model Dashboard,Index,,
RPPBI0116,Attribution Model Dashboard,Model Calculation,,
RPPBI0067,Database Report 2024,DATABASE,,
RPPBI0067,Database Report 2024,Glossary,,
RPPBI0067,Database Report 2024,Index,,
RPPBI0067,Database Report 2024,Occupancy,,
RPPBI0105,eCommerce Report 2021,HOME,,
RPPBI0105,eCommerce Report 2021,Hotel B2B Digital Sales Invoiced Report,,
RPPBI0105,eCommerce Report 2021,Hotel Ecommerce Booked Report,,
RPPBI0105,eCommerce Report 2021,Hotel Ecommerce Invoiced Report,,
RPPBI0105,eCommerce Report 2021,Hotel Rewards Invoiced Report,,
RPPBI0105,eCommerce Report 2021,Top Destinations,,
RPPBI0103,eCommerce Report 2022,B2B Digital Report,B2B Digital,B2B Digital
RPPBI0103,eCommerce Report 2022,Index,,
RPPBI0103,eCommerce Report 2022,Hotel Ecommerce Executive Report,"Budget, Performance","Budget, Performance"
RPPBI0103,eCommerce Report 2022,Performance Report,"Performance, eCommerce","Performance, eCommerce"
RPPBI0103,eCommerce Report 2022,Reservations Behaviour Report,Reservation Behaviour,Reservation Behaviour
RPPBI0104,eCommerce Report 2023,B2B Digital Report,B2B Digital,B2B Digital
RPPBI0104,eCommerce Report 2023,Hotel View Report,Hotel,Hotel
RPPBI0104,eCommerce Report 2023,Index,,
RPPBI0104,eCommerce Report 2023,Hotel Discovery Report,"Discovery, Loyalty","Discovery, Loyalty"
RPPBI0104,eCommerce Report 2023,Hotel Ecommerce Executive Report,"Budget, Performance","Budget, Performance"
RPPBI0104,eCommerce Report 2023,OTAS Performance(Stay Date) Report,"Performance, OTA","OTA, Performance"
RPPBI0104,eCommerce Report 2023,Performance Report,"Performance, eCommerce","Performance, eCommerce"
RPPBI0104,eCommerce Report 2023,Reservations Behaviour Report,Reservation Behaviour,Reservation Behaviour
RPPBI0208,Online Check-in Report 2019,OCI,,
RPPBI0209,Online Check-in Report 2021,Page 1,,
RPPBI0065,Online Check-out Report,Criteria Information,,
RPPBI0065,Online Check-out Report,Index,,
RPPBI0065,Online Check-out Report,MD OCO Hotel Active,OCO Hotel Master Data,OCO Hotel Master Data
RPPBI0065,Online Check-out Report,OCO Daily Status,OCO Daily Web GA4,OCO Daily Web GA4
RPPBI0065,Online Check-out Report,Online Process Error Analysis,OCO Web GA4,OCO Web GA4
RPPBI0065,Online Check-out Report,Online Process Overview,OCO Web GA4,OCO Web GA4
RPPBI0065,Online Check-out Report,Transactional Process Dimension View,OCO Online Check-out,OCO Online Check-out
RPPBI0065,Online Check-out Report,Transactional Process Overview,OCO Online Check-out,OCO Online Check-out
RPPBI0210,Online Check-out Report 2020,OCO,,
RPPBI0061,POS Promo Report,Alerts Detail,,
RPPBI0061,POS Promo Report,Criteria Information,,
RPPBI0061,POS Promo Report,Hotels & Feeder Markets,,
RPPBI0061,POS Promo Report,Index,,
RPPBI0061,POS Promo Report,Reservations Overview,,
RPPBI0118,Time Control,Check In Guide,,
RPPBI0118,Time Control,Detail by Dimension,,
RPPBI0118,Time Control,Index,,
RPPBI0118,Time Control,OCI vs TMS Analysis,,
RPPBI0118,Time Control,Time Control Overview,,
RPPBI0184,Cancellation KPI Monitoring 2023,REPORT,,
RPPBI0185,Cancellation KPI Monitoring 2025,CHANNEL_ANALYSIS,,
RPPBI0185,Cancellation KPI Monitoring 2025,REPORT,,
RPPBI0185,Cancellation KPI Monitoring 2025,TABLE FOR EXTRACTION,,
RPPBI0014,Chargebacks Operational Dashboard 2023,CONFRONTATION_TOOL,,
RPPBI0014,Chargebacks Operational Dashboard 2023,GLOBAL_ANALYSIS,,
RPPBI0014,Chargebacks Operational Dashboard 2023,INSIGHT_ANALYSIS,,
RPPBI0014,Chargebacks Operational Dashboard 2023,MENU,,
RPPBI0015,Chargebacks Operational Dashboard 2024,CHARGEBACKS_DB,,
RPPBI0015,Chargebacks Operational Dashboard 2024,CONFRONTATION_TOOL,,
RPPBI0015,Chargebacks Operational Dashboard 2024,DATA_QUALITY,,
RPPBI0015,Chargebacks Operational Dashboard 2024,GLOBAL_ANALYSIS,,
RPPBI0015,Chargebacks Operational Dashboard 2024,INSIGHT_ANALYSIS,,
RPPBI0015,Chargebacks Operational Dashboard 2024,MENU,,
RPPBI0015,Chargebacks Operational Dashboard 2024,METHODOLOGY,,
RPPBI0191,Chargebacks Operational Dashboard 2025,CHARGEBACKS_DB,,
RPPBI0191,Chargebacks Operational Dashboard 2025,CONFRONTATION_TOOL,,
RPPBI0191,Chargebacks Operational Dashboard 2025,DATA_QUALITY,,
RPPBI0191,Chargebacks Operational Dashboard 2025,GLOBAL_ANALYSIS,,
RPPBI0191,Chargebacks Operational Dashboard 2025,INSIGHT_ANALYSIS,,
RPPBI0191,Chargebacks Operational Dashboard 2025,MENU,,
RPPBI0191,Chargebacks Operational Dashboard 2025,METHODOLOGY,,
RPPBI0010,F&B Breakfast Report 2023,MENU,,
RPPBI0009,F&B Breakfast Report 2024,BREAKFAST_BENCHMARK,,
RPPBI0009,F&B Breakfast Report 2024,BREAKFAST_DETAIL,,
RPPBI0009,F&B Breakfast Report 2024,DATA_BROWSER,,
RPPBI0009,F&B Breakfast Report 2024,DEMAND_ANALYSIS,,
RPPBI0009,F&B Breakfast Report 2024,EXECUTIVE,,
RPPBI0009,F&B Breakfast Report 2024,HOME,,
RPPBI0009,F&B Breakfast Report 2024,MANUAL_PRICES,,
RPPBI0009,F&B Breakfast Report 2024,METHODOLOGY,,
RPPBI0121,F&B Invitations Analysis Report 2024,BENCHMARK,,
RPPBI0121,F&B Invitations Analysis Report 2024,COST_ANALYSIS,,
RPPBI0121,F&B Invitations Analysis Report 2024,DATA_BROWSER,,
RPPBI0121,F&B Invitations Analysis Report 2024,DETAIL,,
RPPBI0121,F&B Invitations Analysis Report 2024,DETAIL PER PRODUCT,,
RPPBI0121,F&B Invitations Analysis Report 2024,EXECUTIVE,,
RPPBI0121,F&B Invitations Analysis Report 2024,HOME,,
RPPBI0121,F&B Invitations Analysis Report 2024,REASONS_QUALITY,,
RPPBI0121,F&B Invitations Analysis Report 2024,RECLASS,,
RPPBI0139,F&B Meetings & Events Report,DATA_QUALITY,,
RPPBI0139,F&B Meetings & Events Report,EXECUTIVE,,
RPPBI0139,F&B Meetings & Events Report,EXECUTIVE_TABLE,,
RPPBI0139,F&B Meetings & Events Report,HOME,,
RPPBI0139,F&B Meetings & Events Report,MENU_DB,,
RPPBI0139,F&B Meetings & Events Report,MENU_TABLE,,
RPPBI0139,F&B Meetings & Events Report,MENUS_ANALYSIS,,
RPPBI0139,F&B Meetings & Events Report,OCC_DETAIL,,
RPPBI0139,F&B Meetings & Events Report,OCC_TABLE,,
RPPBI0139,F&B Meetings & Events Report,P&L_ANALYSIS,,
RPPBI0139,F&B Meetings & Events Report,REV_DETAIL,,
RPPBI0139,F&B Meetings & Events Report,REV_TABLE,,
RPPBI0138,F&B Outlets Report 2024,Article Table,,
RPPBI0138,F&B Outlets Report 2024,DB_GLOSSARY,,
RPPBI0138,F&B Outlets Report 2024,EXECUTIVE_VIEW,,
RPPBI0138,F&B Outlets Report 2024,HOME,,
RPPBI0138,F&B Outlets Report 2024,MENU_ANALYSIS,,
RPPBI0138,F&B Outlets Report 2024,MENU_ANALYSIS_GLOBAL,,
RPPBI0138,F&B Outlets Report 2024,OUTLET_ANALYSIS,,
RPPBI0138,F&B Outlets Report 2024,OUTLETS_DB,,
RPPBI0138,F&B Outlets Report 2024,P&L_DETAIL,,
RPPBI0138,F&B Outlets Report 2024,P&L_TRADITIONAL,,
RPPBI0138,F&B Outlets Report 2024,PAY_ANALYSIS,,
RPPBI0138,F&B Outlets Report 2024,PAY_ANALYSIS_GLOBAL,,
RPPBI0138,F&B Outlets Report 2024,Product Detailed Page,,
RPPBI0011,F&B Top Outlets Report 2023,MENU,,
RPPBI0011,F&B Top Outlets Report 2023,MENU_ANALYSIS,,
RPPBI0011,F&B Top Outlets Report 2023,METHODOLOGY,,
RPPBI0002,Laundry Cost Analysis Report 2023,EXECUTIVE_VIEW,,
RPPBI0002,Laundry Cost Analysis Report 2023,MENU,,
RPPBI0002,Laundry Cost Analysis Report 2023,ROOMS_BENCHMARK,,
RPPBI0002,Laundry Cost Analysis Report 2023,ROOMS_THEORIC,,
RPPBI0001,Laundry Cost Analysis Report 2024,COST_METRICS,,
RPPBI0001,Laundry Cost Analysis Report 2024,EXECUTIVE_VIEW,,
RPPBI0001,Laundry Cost Analysis Report 2024,HOME,,
RPPBI0001,Laundry Cost Analysis Report 2024,METHODOLOGY,,
RPPBI0001,Laundry Cost Analysis Report 2024,METHODOLOGY_THEO,,
RPPBI0001,Laundry Cost Analysis Report 2024,RECEPTIONS_DETAIL,,
RPPBI0001,Laundry Cost Analysis Report 2024,RECEPTIONS_DETAIL_List,,
RPPBI0001,Laundry Cost Analysis Report 2024,ROOMS_BENCHMARK,,
RPPBI0001,Laundry Cost Analysis Report 2024,ROOMS_DETAIL,,
RPPBI0001,Laundry Cost Analysis Report 2024,ROOMS_LEVERS,,
RPPBI0001,Laundry Cost Analysis Report 2024,ROOMS_THEORIC,,
RPPBI0001,Laundry Cost Analysis Report 2024,ROOMS_THEORIC_2,,
RPPBI0001,Laundry Cost Analysis Report 2024,STANDARDS_DB,,
RPPBI0005,QUESTforExcellence 2022,MENU,,
RPPBI0006,QUESTforExcellence 2023,CASH_EXPENSES,,
RPPBI0006,QUESTforExcellence 2023,DETAIL,,
RPPBI0006,QUESTforExcellence 2023,Discovery,,
RPPBI0006,QUESTforExcellence 2023,FO_PROCESSES,,
RPPBI0006,QUESTforExcellence 2023,GLOBAL,,
RPPBI0006,QUESTforExcellence 2023,MM_COPERAMA,,
RPPBI0006,QUESTforExcellence 2023,OCO_TIR,,
RPPBI0006,QUESTforExcellence 2023,SUMMARY,,
RPPBI0006,QUESTforExcellence 2023,Upselling,,
RPPBI0075,GEM Account Priorization Tool,Agencies,,
RPPBI0075,GEM Account Priorization Tool,Companies,,
RPPBI0075,GEM Account Priorization Tool,Current Year's Summary,,
RPPBI0075,GEM Account Priorization Tool,Index,,
RPPBI0075,GEM Account Priorization Tool,Last Year's Summary,,
RPPBI0075,GEM Account Priorization Tool,Prority Calculation,,
RPPBI0134,GEM Account Priorization Tool 2024,Agencies,,
RPPBI0134,GEM Account Priorization Tool 2024,Index,,
RPPBI0077,GEM Conversion Rates per Lead Type,Hotel View,,
RPPBI0077,GEM Conversion Rates per Lead Type,Index,,
RPPBI0077,GEM Conversion Rates per Lead Type,Lead View,,
RPPBI0077,GEM Conversion Rates per Lead Type,SUMMARY,,
RPPBI0135,GEM Conversion Rates per Lead Type 2024,Hotel View,,
RPPBI0135,GEM Conversion Rates per Lead Type 2024,Index,,
RPPBI0135,GEM Conversion Rates per Lead Type 2024,Lead View,,
RPPBI0135,GEM Conversion Rates per Lead Type 2024,SUMMARY,,
RPPBI0136,Group Lead Management KPIs 2024,% of BFs requested to RM,,
RPPBI0136,Group Lead Management KPIs 2024,Index,,
RPPBI0136,Group Lead Management KPIs 2024,QT Conversion Evolution,,
RPPBI0136,Group Lead Management KPIs 2024,QT Usage Evolution,,
RPPBI0136,Group Lead Management KPIs 2024,QT Usage Evolution Table,,
RPPBI0136,Group Lead Management KPIs 2024,Report Info,,
RPPBI0136,Group Lead Management KPIs 2024,SLA RM Matrix,,
RPPBI0136,Group Lead Management KPIs 2024,SLA RM Report,,
RPPBI0130,MICE-LGR Bring It Back Report 2024,Agencies,,
RPPBI0130,MICE-LGR Bring It Back Report 2024,Events Table,,
RPPBI0130,MICE-LGR Bring It Back Report 2024,Index,,
RPPBI0130,MICE-LGR Bring It Back Report 2024,Visual Summary,,
RPPBI0205,MICE Promo Report,Index,,
RPPBI0205,MICE Promo Report,Pipeline Opportunities,,
RPPBI0085,MICE Promo Report 2024,Index,,
RPPBI0085,MICE Promo Report 2024,Pipeline Opportunities,,
RPPBI0085,MICE Promo Report 2024,Promo Performance Details,,
RPPBI0085,MICE Promo Report 2024,SUMMARY,,
RPPBI0085,MICE Promo Report 2024,TOP REJ+LOS+CXL Reasons,,
RPPBI0096,MICE-LGR Bring It Back Report 2023,Agencies,,
RPPBI0096,MICE-LGR Bring It Back Report 2023,Companies,,
RPPBI0096,MICE-LGR Bring It Back Report 2023,Events Table,,
RPPBI0096,MICE-LGR Bring It Back Report 2023,Index,,
RPPBI0096,MICE-LGR Bring It Back Report 2023,Visual Summary,,
RPPBI0087,MICE-LGR Denials Report,Denials Information,,
RPPBI0087,MICE-LGR Denials Report,Index,,
RPPBI0087,MICE-LGR Denials Report,Report Info,,
RPPBI0087,MICE-LGR Denials Report,SUMMARY,,
RPPBI0131,MICE-LGR Denials Report 2024,Denials Information,,
RPPBI0131,MICE-LGR Denials Report 2024,Index,,
RPPBI0131,MICE-LGR Denials Report 2024,Report Info,,
RPPBI0131,MICE-LGR Denials Report 2024,SUMMARY,,
RPPBI0082,MICE-LGR Weekly Evolution Report - Demand Distribution,1. Business In & Out Trend,,
RPPBI0082,MICE-LGR Weekly Evolution Report - Demand Distribution,2. Summary Business In,,
RPPBI0082,MICE-LGR Weekly Evolution Report - Demand Distribution,3. Action-Production,,
RPPBI0082,MICE-LGR Weekly Evolution Report - Demand Distribution,4. Dates & BF Detail,,
RPPBI0082,MICE-LGR Weekly Evolution Report - Demand Distribution,6. Point of Sale,,
RPPBI0082,MICE-LGR Weekly Evolution Report - Demand Distribution,7. Top Hot Leads,,
RPPBI0082,MICE-LGR Weekly Evolution Report - Demand Distribution,8. Monthly Booking Curves,,
RPPBI0082,MICE-LGR Weekly Evolution Report - Demand Distribution,8. Top Hot Leads CXL+LOS+REJ,,
RPPBI0082,MICE-LGR Weekly Evolution Report - Demand Distribution,9. Monthly Booking Curves,,
RPPBI0082,MICE-LGR Weekly Evolution Report - Demand Distribution,Ad hoc: Performance Comparisons,,
RPPBI0082,MICE-LGR Weekly Evolution Report - Demand Distribution,Index,,
RPPBI0083,MICE-LGR Weekly Evolution Report - On Action,1. Summary,,
RPPBI0083,MICE-LGR Weekly Evolution Report - On Action,2. Evolutive,,
RPPBI0083,MICE-LGR Weekly Evolution Report - On Action,3. Detail,,
RPPBI0083,MICE-LGR Weekly Evolution Report - On Action,4. TOP REJ+LOS+CXL Reasons,,
RPPBI0083,MICE-LGR Weekly Evolution Report - On Action,Index,,
RPPBI0129,MICE-LGR Weekly Evolution Report - On Action 2024,1. Summary,,
RPPBI0129,MICE-LGR Weekly Evolution Report - On Action 2024,2. Evolutive,,
RPPBI0129,MICE-LGR Weekly Evolution Report - On Action 2024,3. Detail,,
RPPBI0129,MICE-LGR Weekly Evolution Report - On Action 2024,4. TOP REJ+LOS+CXL Reasons,,
RPPBI0129,MICE-LGR Weekly Evolution Report - On Action 2024,Index,,
RPPBI0084,MICE-LGR Weekly Evolution Report - On Production,Detail Tables,,
RPPBI0084,MICE-LGR Weekly Evolution Report - On Production,Evolutive Table,,
RPPBI0084,MICE-LGR Weekly Evolution Report - On Production,Index,,
RPPBI0084,MICE-LGR Weekly Evolution Report - On Production,Outlook per Lead Time,,
RPPBI0084,MICE-LGR Weekly Evolution Report - On Production,TOP REJ+LOS+CXL Reasons,,
RPPBI0084,MICE-LGR Weekly Evolution Report - On Production,Visuals,,
RPPBI0084,MICE-LGR Weekly Evolution Report - On Production,Weekly Summary,,
RPPBI0211,Look2Book 2022,% Conversion - Top Cities,,
RPPBI0211,Look2Book 2022,% Conversion - Top Hotels,,
RPPBI0211,Look2Book 2022,Daily Prices,,
RPPBI0211,Look2Book 2022,Daily Searches,,
RPPBI0211,Look2Book 2022,Denials,,
RPPBI0211,Look2Book 2022,Flexible Condition,,
RPPBI0211,Look2Book 2022,Hotel Detailed,,
RPPBI0211,Look2Book 2022,Index,,
RPPBI0211,Look2Book 2022,Net Air Bookings,,
RPPBI0211,Look2Book 2022,Prices by Brand,,
RPPBI0211,Look2Book 2022,Prices by City,,
RPPBI0211,Look2Book 2022,Public Prices Summary,,
RPPBI0211,Look2Book 2022,Searches - Top Cities,,
RPPBI0211,Look2Book 2022,Searches - Top Hotels,,
RPPBI0211,Look2Book 2022,STR Forward,,
RPPBI0211,Look2Book 2022,STR vs Hotel - Forward OCC,,
RPPBI0211,Look2Book 2022,SUMMARY,,
RPPBI0232,Auto Forecast Report,Forecast Accuracy,,
RPPBI0232,Auto Forecast Report,Forecast Calendar,,
RPPBI0232,Auto Forecast Report,Index,,
RPPBI0232,Auto Forecast Report,Overwrites Analysis,,
RPPBI0018,Corporate Market Share - 2023,Index,,
RPPBI0230,FC Automation Dashboard - Dev,Executive Summary,,
RPPBI0230,FC Automation Dashboard - Dev,FC Dashboard,,
RPPBI0230,FC Automation Dashboard - Dev,FC Evolution,,
RPPBI0231,FC Automation Dashboard - Dev - LDD,Duetto Export,,
RPPBI0231,FC Automation Dashboard - Dev - LDD,Executive Summary,,
RPPBI0231,FC Automation Dashboard - Dev - LDD,FC Accuracy,,
RPPBI0231,FC Automation Dashboard - Dev - LDD,FC Dashboard,,
RPPBI0231,FC Automation Dashboard - Dev - LDD,FC Evolution,,
RPPBI0031,Forecast Report 2024,Accuracy Targets,,
RPPBI0031,Forecast Report 2024,Auto FC Accuracy Ev con Dummy,,
RPPBI0031,Forecast Report 2024,Auto FC Accuracy Evolution,,
RPPBI0031,Forecast Report 2024,Forecast Accuracy,,
RPPBI0031,Forecast Report 2024,Forecast Alerts,,
RPPBI0031,Forecast Report 2024,Forecast Calendar,,
RPPBI0031,Forecast Report 2024,Index,,
RPPBI0031,Forecast Report 2024,Overrides Analysis,,
RPPBI0233,Forecast Report 2024 Monday BD,Forecast Accuracy,,
RPPBI0233,Forecast Report 2024 Monday BD,Overrides Analysis,,
RPPBI0235,Forecast Report 2025 Monday BD,Forecast Accuracy,,
RPPBI0235,Forecast Report 2025 Monday BD,Overrides Analysis,,
RPPBI0024,MBOs Report 2023,Index,,
RPPBI0035,Other Revenues Report - 2024,Additional Information,,
RPPBI0035,Other Revenues Report - 2024,Customizable Views,,
RPPBI0035,Other Revenues Report - 2024,Executive Summary,,
RPPBI0035,Other Revenues Report - 2024,Forecast & Budget,,
RPPBI0035,Other Revenues Report - 2024,Index,,
RPPBI0035,Other Revenues Report - 2024,Other Revenues & Ratios,,
RPPBI0035,Other Revenues Report - 2024,Production Concepts,,
RPPBI0035,Other Revenues Report - 2024,Room Revenues & Ratios,,
RPPBI0035,Other Revenues Report - 2024,Weekly PU vs Budget,,
RPPBI0029,Pricing Alerts Dashboard,OTA Insight Public Prices & Market %OCC,,
RPPBI0029,Pricing Alerts Dashboard,Pricing Alerts,,
RPPBI0166,Room Type & Upselling - 2019,Index,,
RPPBI0166,Room Type & Upselling - 2019,Upselling Report,,
RPPBI0021,Weekly Activity - 2023,Executive Summary,,
RPPBI0021,Weekly Activity - 2023,Index,,
TLPBI0029,Historical Reports,Monthly Performance Report,,
RPPBI0194,Account Value Optimizer,Executive Summary,,
RPPBI0194,Account Value Optimizer,Index,,
RPPBI0194,Account Value Optimizer,Introduction & Methodology,,
RPPBI0124,Cancellation KPI Monitoring 2024,CHANNEL_ANALYSIS,,
RPPBI0124,Cancellation KPI Monitoring 2024,DUPLICATES CHECK,,
RPPBI0257,Product Improvement Plan,Errors Check,,
RPPBI0124,Cancellation KPI Monitoring 2024,EXCEPTION_NAVIGATOR,,
RPPBI0124,Cancellation KPI Monitoring 2024,OVERALL_CONTROL,,
RPPBI0124,Cancellation KPI Monitoring 2024,REPORT,,
RPPBI0257,Product Improvement Plan,SUMMARY,,
RPPBI0124,Cancellation KPI Monitoring 2024,TABLE FOR EXTRACTION,,
RPPBI0057,Commercial Reports 2019,Index,,
RPPBI0227,Qualification Dashboard,C4C_Qualification_Detail,,
RPPBI0227,Qualification Dashboard,Key Potential Destinations,,
RPPBI0056,Weekly Commercial Report Closing 2022,Corporate Sales View,,
RPPBI0056,Weekly Commercial Report Closing 2022,Index,,
RPPBI0190,2025_Pricing_Dashboard,Index,,
RPPBI0190,2025_Pricing_Dashboard,Pricing vs Forward 90 Days,"Public prices, rates, compset, market, occupancy, forward","Public prices, compset, forward, market, occupancy, rates"
RPPBI0190,2025_Pricing_Dashboard,Public Prices,"Public prices, rates, compset, market, forward, alert","Public prices, alert, compset, forward, market, rates"
RPPBI0190,2025_Pricing_Dashboard,Rates Calendar,"Public Prices, Evolution, Rates, Calendar ","Calendar, Evolution, Public Prices, Rates"
RPPBI0140,BPC Month End Closing - 2025,2025_EUR,,
RPPBI0140,BPC Month End Closing - 2025,2025_LC,,
RPPBI0140,BPC Month End Closing - 2025,Index,,
TLPBI0008,Predictive Upselling Tool,HOME,,
TLPBI0008,Predictive Upselling Tool,Tarjetas - Upselling Daily Percentage (RO),,
TLPBI0008,Predictive Upselling Tool,Upselling Daily Percentage (RO),,
TLPBI0008,Predictive Upselling Tool,Upselling Tool,,
TLPBI0018,Predictive Upselling Tool - Madrid,HOME,,
TLPBI0018,Predictive Upselling Tool - Madrid,Upselling Tool,,
TLPBI0020,Booking Genius Tool,Adhoc Analytics,,
TLPBI0020,Booking Genius Tool,Index,,
TLPBI0020,Booking Genius Tool,Summary View,,
TLPBI0020,Booking Genius Tool,Tool's Performance,,
TLPBI0020,Booking Genius Tool,What If Scenario,,
RPPBI0025,Daily PU & Booking Curves 2023,Daily Pick Up,,
RPPBI0025,Daily PU & Booking Curves 2023,Index,,
RPPBI0042,KSI Acceptance Report - 2024,Acceptance Table,,
RPPBI0042,KSI Acceptance Report - 2024,Additional Information,,
RPPBI0042,KSI Acceptance Report - 2024,Index,,
RPPBI0042,KSI Acceptance Report - 2024,Overrides & Price Modifications,,
RPPBI0042,KSI Acceptance Report - 2024,Pushed Rates,,
RPPBI0042,KSI Acceptance Report - 2024,Sleep Days,,
RPPBI0161,KSI Acceptance Report - 2025,Acceptance Table,,
RPPBI0161,KSI Acceptance Report - 2025,Additional Information,,
RPPBI0161,KSI Acceptance Report - 2025,Index,,
RPPBI0161,KSI Acceptance Report - 2025,Overrides & Price Modifications,,
RPPBI0161,KSI Acceptance Report - 2025,Pushed Rates,,
RPPBI0161,KSI Acceptance Report - 2025,Sleep Days,,
RPPBI0039,MC Business Update 2024,MC Business Update,,
RPPBI0040,OTB vs SPIT Date Detailed 2024,Daily %Occupancy Evolution,,
RPPBI0040,OTB vs SPIT Date Detailed 2024,Daily OTB vs STLY,,
RPPBI0040,OTB vs SPIT Date Detailed 2024,Index,,
RPPBI0040,OTB vs SPIT Date Detailed 2024,Pick Up This Week,,
RPPBI0239,OTB vs STLY 22 - Easter Week,OTB 2023 vs SPIT 2022 - Easter,,
RPPBI0236,OTB vs STLY 25 - May Holidays,Daily %Occupancy Evolution,,
RPPBI0236,OTB vs STLY 25 - May Holidays,Daily OTB vs STLY,,
RPPBI0236,OTB vs STLY 25 - May Holidays,Index,,
RPPBI0236,OTB vs STLY 25 - May Holidays,Pick Up This Week,,
RPPBI0237,OTB vs STLY 25 - Spring,Daily OTB vs STLY,,
RPPBI0237,OTB vs STLY 25 - Spring,Index,,
RPPBI0238,OTB vs STLY 25 - UK Summer HT,Daily %Occupancy Evolution,,
RPPBI0238,OTB vs STLY 25 - UK Summer HT,Daily OTB vs STLY,,
RPPBI0238,OTB vs STLY 25 - UK Summer HT,Index,,
RPPBI0238,OTB vs STLY 25 - UK Summer HT,Pick Up This Week,,
RPPBI0043,Promo Report old,Black Friday,,
RPPBI0043,Promo Report old,City Dreamers,,
RPPBI0043,Promo Report old,Early Bird Resorts,,
RPPBI0043,Promo Report old,Early Bird Urban,,
RPPBI0043,Promo Report old,Employee Rate,,
RPPBI0043,Promo Report old,Employee_Rate,,
RPPBI0043,Promo Report old,Friends&Family Rate,,
RPPBI0043,Promo Report old,Friends&Family_Rate,,
RPPBI0043,Promo Report old,Index,,
RPPBI0043,Promo Report old,Multirate,,
RPPBI0043,Promo Report old,Resorts Aut-Win,,
RPPBI0043,Promo Report old,Resorts Summer,,
RPPBI0043,Promo Report old,Seasonal Exclusives,,
RPPBI0043,Promo Report old,Summer,,
RPPBI0043,Promo Report old,Winter,,
RPPBI0240,Weekly Revenue Report 2022,Forecast Debrief,,
RPPBI0240,Weekly Revenue Report 2022,Index,,
RPPBI0240,Weekly Revenue Report 2022,Official Forecast Accuracy,,
RPPBI0028,Weekly Revenue Report 2023,Executive Summary,,
RPPBI0028,Weekly Revenue Report 2023,Index,,
RPPBI0028,Weekly Revenue Report 2023,Key Property View,,
RPPBI0028,Weekly Revenue Report 2023,Official Forecast Accuracy,,
RPPBI0028,Weekly Revenue Report 2023,Short-term Forecast Accuracy,,
TLPBI0021,Where to Find,Where can I find...?,,
RPPBI0186,Franchises Commercial Data,Page 1,,
TLPBI0007,GA4 Audit,GA4 Audit-Events,,
RPPBI0112,JIRA Report,JIRA,,
RPPBI0108,Sustainable Purchases Report,Emissions Analysis,,
RPPBI0108,Sustainable Purchases Report,Index,,
RPPBI0108,Sustainable Purchases Report,Summary Table,,
RPPBI0070,Cancellation & No Show Fee Review,Evolution Revenues,,
RPPBI0070,Cancellation & No Show Fee Review,Filters,,
RPPBI0070,Cancellation & No Show Fee Review,General Overview,,
RPPBI0070,Cancellation & No Show Fee Review,Issues - Hierarchy,,
RPPBI0070,Cancellation & No Show Fee Review,KPI's,,
RPPBI0070,Cancellation & No Show Fee Review,MENU,,
RPPBI0070,Cancellation & No Show Fee Review,Reservation Overview,,
RPPBI0070,Cancellation & No Show Fee Review,Top/Bottom Results,,
RPPBI0144,Golden Eye,Global KPI Details,,
RPPBI0219,Human Resources Reporting,Anti-Corruption,,
RPPBI0219,Human Resources Reporting,Anti-Money Laundering,,
RPPBI0219,Human Resources Reporting,Code of Conduct (2024),,
RPPBI0219,Human Resources Reporting,Discovery,,
RPPBI0219,Human Resources Reporting,Environmental Care,,
RPPBI0219,Human Resources Reporting,Filters,,
RPPBI0219,Human Resources Reporting,Fraud Awareness,,
RPPBI0219,Human Resources Reporting,Front Page,,
RPPBI0219,Human Resources Reporting,GDPR,,
RPPBI0219,Human Resources Reporting,Human Rights,,
RPPBI0219,Human Resources Reporting,IT Security,,
RPPBI0219,Human Resources Reporting,Law 231,,
RPPBI0219,Human Resources Reporting,Mandatory Training (per center),,
RPPBI0219,Human Resources Reporting,Mandatory Training Overview,,
RPPBI0219,Human Resources Reporting,PCi-DSS,,
RPPBI0219,Human Resources Reporting,Prevencion Riesgos Penales,,
RPPBI0219,Human Resources Reporting,Upsell EYS,,
RPPBI0219,Human Resources Reporting,Upsell GR,,
RPPBI0218,Human Resources Reporting - BUNE,Code of Conduct (2024),,
RPPBI0218,Human Resources Reporting - BUNE,Environmental Care,,
RPPBI0218,Human Resources Reporting - BUNE,Filters,,
RPPBI0218,Human Resources Reporting - BUNE,Front Page,,
RPPBI0218,Human Resources Reporting - BUNE,HR Retention,,
RPPBI0218,Human Resources Reporting - BUNE,Human Rights,,
RPPBI0218,Human Resources Reporting - BUNE,Mandatory Training Overview,,
RPPBI0072,Inventory Analysis Report,Filters,,
RPPBI0072,Inventory Analysis Report,Global Overview,,
RPPBI0072,Inventory Analysis Report,Global Overview (Article level),,
RPPBI0072,Inventory Analysis Report,Highest Consumptions,,
RPPBI0072,Inventory Analysis Report,MENU,,
RPPBI0072,Inventory Analysis Report,Positive Inventory Count,,
RPPBI0072,Inventory Analysis Report,Stockvalue per Month,,
RPPBI0072,Inventory Analysis Report,Uncounted Materials,,
TLPBI0013,Budget 2025 Report,FM Model,,
TLPBI0015,Budget 2025 Report,Page 1,,
TLPBI0012,Budget 2025 Report,Page 1,,
TLPBI0014,Budget 2025 Report,Page 2,,
TLPBI0012,Budget 2025 Report,SUMMARY,,
RPPBI0212,Feeder Market - 2019,EXECUTIVE VIEW,,
RPPBI0212,Feeder Market - 2019,Index,,
RPPBI0188,Feeder Market - 2022,CRITERIA,,
RPPBI0188,Feeder Market - 2022,EXECUTIVE VIEW,,
RPPBI0188,Feeder Market - 2022,Index,,
RPPBI0251,Unmanaged & Automanaged Report 2024,MENU,,
TLPBI0024,Commercial Efficiency Model & Mastertools,Executive Views - Managed Business,,
TLPBI0028,Commercial Efficiency Model & Mastertools,Home Management,,
TLPBI0028,Commercial Efficiency Model & Mastertools,Management Detail Total Portfolio,,
TLPBI0028,Commercial Efficiency Model & Mastertools,Management View,,
TLPBI0028,Commercial Efficiency Model & Mastertools,REDACTED EUAM Summary,,
TLPBI0024,Commercial Efficiency Model & Mastertools,Overall Views,,
TLPBI0024,Commercial Efficiency Model & Mastertools,Portfolio Changes,,
TLPBI0024,Commercial Efficiency Model & Mastertools,Summary 24 vs 25,,
RPPBI0229,Contract Management Report 2024,Company Contract Detail,,
RPPBI0229,Contract Management Report 2024,Declined RFP / Business Cases,,
RPPBI0229,Contract Management Report 2024,MENU,,
RPPBI0250,Contract Management Report 2024,MENU,,
RPPBI0229,Contract Management Report 2024,Revenue Alerts,,
RPPBI0229,Contract Management Report 2024,Summary Overview,,
RPPBI0229,Contract Management Report 2024,Validation,,
RPPBI0069,Turnover Report,TURNOVER,,
RPPBI0066,Data Governance Adoption Dashboard,Index,,
RPPBI0066,Data Governance Adoption Dashboard,Main Page,,
RPPBI0066,Data Governance Adoption Dashboard,Purview,,
RPPBI0066,Data Governance Adoption Dashboard,Use Cases,,
RPPBI0246,Database Report,DATABASE,,
RPPBI0183,eCommerce Report 2022,HOME,,
RPPBI0215,Media Report,Business Unit Detail,,
RPPBI0216,Media Report,Business Unit Detail,,
RPPBI0217,Media Report,Business Unit Detail,,
RPPBI0215,Media Report,Campaign Manager Global,,
RPPBI0217,Media Report,Campaign Manager Global,,
RPPBI0216,Media Report,Campaign Manager Global,,
RPPBI0215,Media Report,Display Performance,,
RPPBI0217,Media Report,Display Performance,,
RPPBI0216,Media Report,Display Performance,,
RPPBI0215,Media Report,Glossary,,
RPPBI0217,Media Report,Glossary,,
RPPBI0216,Media Report,Glossary,,
RPPBI0215,Media Report,Index,,
RPPBI0217,Media Report,Index,,
RPPBI0216,Media Report,Index,,
RPPBI0215,Media Report,Index BU,,
RPPBI0216,Media Report,Index BU,,
RPPBI0217,Media Report,Index BU,,
RPPBI0215,Media Report,Manual,,
RPPBI0217,Media Report,Manual,,
RPPBI0216,Media Report,Manual,,
RPPBI0215,Media Report,Pop Up,,
RPPBI0217,Media Report,Pop Up,,
RPPBI0216,Media Report,Pop Up,,
RPPBI0247,Online Check-in Report,Index,,
RPPBI0207,Online Check-in Report,Index,,
RPPBI0207,Online Check-in Report,OCI Transactional Process Hotel View,,
RPPBI0149,Web Media Report,6.WEB MEDIA REPORT,,
RPPBI0149,Web Media Report,How to Export Data?,,
RPPBI0149,Web Media Report,Web Media Report,,
RPPBI0012,F&B Top Outlets Report,EXECUTIVE_VIEW,,
RPPBI0012,F&B Top Outlets Report,HOME,,
RPPBI0012,F&B Top Outlets Report,MENU_ANALYSIS,,
RPPBI0012,F&B Top Outlets Report,METHODOLOGY,,
RPPBI0012,F&B Top Outlets Report,OUTLET_ANALYSIS,,
RPPBI0012,F&B Top Outlets Report,P&L_DETAIL,,
RPPBI0012,F&B Top Outlets Report,P&L_SUMMARY,,
RPPBI0012,F&B Top Outlets Report,ROADMAP,,
TLPBI0003,Housekeeping In vs Out Tool,BENCHMARK,,
TLPBI0003,Housekeeping In vs Out Tool,IN_OUT_TOOL,,
TLPBI0003,Housekeeping In vs Out Tool,INFORMATION,,
TLPBI0003,Housekeeping In vs Out Tool,MENU,,
TLPBI0003,Housekeeping In vs Out Tool,Scenarios,,
RPPBI0243,FC Automation Dashboard,FC Dashboard,,
RPPBI0202,Weekly Activity - 2023,CXL Reservations Dashboard,,
RPPBI0202,Weekly Activity - 2023,CXL Reservations Evolution,,
RPPBI0202,Weekly Activity - 2023,Executive Dashboard,,
RPPBI0202,Weekly Activity - 2023,HOME,,
RPPBI0202,Weekly Activity - 2023,Home_Old,,
RPPBI0202,Weekly Activity - 2023,NET Reservations Dashboard,,
RPPBI0120,Daily_Report_CRO_,All Traffic,,
RPPBI0120,Daily_Report_CRO_,Index,,
RPPBI0119,Official_KPIs_v3,01_Resume,,
RPPBI0119,Official_KPIs_v3,02_TaskForce,,
RPPBI0119,Official_KPIs_v3,03_Share,,
RPPBI0119,Official_KPIs_v3,Overview,,
RPPBI0206,Cvent_Dashboard 2024,Conversion Analysis,,
RPPBI0206,Cvent_Dashboard 2024,Denial Analysis,,
RPPBI0206,Cvent_Dashboard 2024,Executive Summary,,
RPPBI0206,Cvent_Dashboard 2024,Index,,
RPPBI0206,Cvent_Dashboard 2024,Pipeline,,
RPPBI0206,Cvent_Dashboard 2024,POS,,
RPPBI0206,Cvent_Dashboard 2024,SLA Report,,
RPPBI0115,Account Value Optimizer,Executive Summary,,
RPPBI0115,Account Value Optimizer,Index,,
RPPBI0115,Account Value Optimizer,Introduction & Methodology,,
RPPBI0214,Degree Days Report,Table,,
RPPBI0196,Power BI Monitoring,Data Owner,,
RPPBI0196,Power BI Monitoring,Department Details,,
RPPBI0171,Power BI Monitoring,FAQ,,
RPPBI0196,Power BI Monitoring,Job Title Details,,
RPPBI0196,Power BI Monitoring,Overview,,
RPPBI0196,Power BI Monitoring,Pgina 1,,
RPPBI0196,Power BI Monitoring,PBI USage Fields,,
RPPBI0196,Power BI Monitoring,Report Details,,
RPPBI0199,Power BI Monitoring,Report list,,
RPPBI0171,Power BI Monitoring,Report Overview,,
RPPBI0171,Power BI Monitoring,Report performance,,
RPPBI0199,Power BI Monitoring,Report performance,,
RPPBI0199,Power BI Monitoring,Report usage,,
RPPBI0171,Power BI Monitoring,Report usage,,
RPPBI0171,Power BI Monitoring,Report Usage Evolution,,
RPPBI0197,Power BI Monitoring,Usage Report,,
RPPBI0198,Power BI Monitoring,Usage Report,,
RPPBI0196,Power BI Monitoring,User Details,,
RPPBI0196,Power BI Monitoring,User Fields,,
RPPBI0171,Power BI Monitoring,User Overview,,
RPPBI0171,Power BI Monitoring,Workspace Overview,,
RPPBI0145,Suggestion Box,Suggestions Overview,,
RPPBI0248,Lanyon Dashboard 2023,ACCOUNT VIEW,,
RPPBI0248,Lanyon Dashboard 2023,Index,,
NOT MAPPED,NOT MAPPED,2024-2025,,
NOT MAPPED,NOT MAPPED,Breakfast,,
NOT MAPPED,NOT MAPPED,Budget_Detail,,
NOT MAPPED,NOT MAPPED,Cancellations,,
NOT MAPPED,NOT MAPPED,CAT Production,,
NOT MAPPED,NOT MAPPED,Check,,
NOT MAPPED,NOT MAPPED,Check,,
NOT MAPPED,NOT MAPPED,Check_LocalCurrency,,
NOT MAPPED,NOT MAPPED,Check_OREV_NonHosted,,
NOT MAPPED,NOT MAPPED,Dashboard,,
NOT MAPPED,NOT MAPPED,Duplicado de Check,,
NOT MAPPED,NOT MAPPED,Duplicado de Check,,
NOT MAPPED,NOT MAPPED,Executive Summary,,
NOT MAPPED,NOT MAPPED,Executive Summary,,
NOT MAPPED,NOT MAPPED,EXECUTIVE VIEW - CRO -,,
NOT MAPPED,NOT MAPPED,F&B Outlets,,
NOT MAPPED,NOT MAPPED,FIT Analysis,,
NOT MAPPED,NOT MAPPED,Future Prediction,,
NOT MAPPED,NOT MAPPED,HOME,,
NOT MAPPED,NOT MAPPED,IN_OUT_TOOL,,
NOT MAPPED,NOT MAPPED,Index,,
NOT MAPPED,NOT MAPPED,Index,,
NOT MAPPED,NOT MAPPED,Levers,,
NOT MAPPED,NOT MAPPED,Monthly Summary,,
NOT MAPPED,NOT MAPPED,Parameters,,
NOT MAPPED,NOT MAPPED,Quantity,,
NOT MAPPED,NOT MAPPED,Restaurant Details,,
NOT MAPPED,NOT MAPPED,Revenues,,
NOT MAPPED,NOT MAPPED,Segments,,
NOT MAPPED,NOT MAPPED,Summary by site,,
NOT MAPPED,NOT MAPPED,Test Analysis,,
RPPBI0241,Daily Revenue Report 2025,Booking Curves,,
RPPBI0241,Daily Revenue Report 2025,Booking Curves Deep Analysis,,
RPPBI0241,Daily Revenue Report 2025,Daily Pick Up,,
RPPBI0241,Daily Revenue Report 2025,Executive Summary,,
RPPBI0241,Daily Revenue Report 2025,Index,,
RPPBI0241,Daily Revenue Report 2025,TOP Reservation Detail,,
RPPBI0242,Weekly Revenue Report 2025 - Available Rooms,Property View,,
